episode,score,avg_score
1,-17.271218901940742,
2,-133.16123937608253,
3,-87.42432102106567,
4,-150.222697959827,
5,-122.12061156993715,
6,-85.86790867122981,
7,-188.4880068416063,
8,-488.2172665994137,
9,-222.42528350174325,
10,-263.3350153760874,
11,-508.6518325530841,
12,-101.9877024518606,
13,-85.89092301027296,
14,-153.07153486684882,
15,-255.77672431039446,
16,-233.36986686321978,
17,30.008137810938365,
18,-59.92376425015314,
19,-207.51777949966558,
20,-229.1843385145839,
21,-309.47450127436656,
22,-118.88696701218868,
23,-97.19858462730662,
24,-85.4085623489461,
25,-90.04984330655867,
26,-98.407466611854,
27,-294.16553270820003,
28,-88.17974653712685,
29,-110.94009080887167,
30,-89.73005924469103,
31,-382.80936118022373,
32,-110.3496355520132,
33,-111.11806753046818,
34,-55.287707652338206,
35,-299.3335605354787,
36,-215.16142131267114,
37,-56.09223088194858,
38,-93.75428569873966,
39,-142.07116206894938,
40,-132.92896751091138,
41,-240.42909833177322,
42,-185.62975607393543,
43,-122.37391865797616,
44,-121.49965600397738,
45,-282.99656343601805,
46,-356.9607135645829,
47,-147.37468512877996,
48,-142.34167542083173,
49,-95.68281719455193,
50,-101.79520055378804,
51,-327.0072996727589,
52,-163.45837786613248,
53,-58.11934893489271,
54,-127.99090893158184,
55,-216.2074965219494,
56,-163.3003392587259,
57,-177.79805701824867,
58,-131.47536691097855,
59,-122.39694767604496,
60,-81.71997054888952,
61,-58.07402421161967,
62,-127.42043375028078,
63,-83.65202645100867,
64,-118.10604957209952,
65,-59.21970661963877,
66,-95.6735385325657,
67,-243.60139908964854,
68,-120.07680984846708,
69,-147.6365132905554,
70,-110.69768022604562,
71,-60.12050213450649,
72,-101.02948953223441,
73,-121.00500935459799,
74,-97.63801444015866,
75,-118.23689636111423,
76,-110.47080527820619,
77,-141.47468779637572,
78,-191.0098367984583,
79,-36.36187644338705,
80,-129.9100739373942,
81,-87.36145877387507,
82,-21.068636509225797,
83,-228.18147013026712,
84,-160.75648264209383,
85,-119.53099095008596,
86,-359.58499064828396,
87,-55.4004041690615,
88,-226.8562588600677,
89,-97.8625830449637,
90,-40.586544366034175,
91,-116.35264832942046,
92,-169.1300591783899,
93,-119.12380183871828,
94,-59.82598143109293,
95,-89.27851169882007,
96,-140.96052079586082,
97,-121.39275104862408,
98,-302.05629176389715,
99,-194.7358553210553,
100,-120.4907047039498,-150.13758170310498
101,-153.1327580453375,-151.49619709453896
102,32.24747927515057,-149.84210990802666
103,-106.07707791904491,-150.0286374770064
104,-127.56750849895299,-149.80208558239764
105,-209.6262907706701,-150.67714237440498
106,-55.81441462177502,-150.37660743391044
107,-66.63726865818387,-149.1581000520762
108,-218.6606737502999,-146.4625341235851
109,-57.681083333807976,-144.81509212190574
110,-269.70564539660313,-144.8787984221109
111,-119.5590743744672,-140.98787084032475
112,-108.69050251370805,-141.0548988409432
113,-96.2043887502728,-141.1580334983432
114,-172.76314438850778,-141.3549495935598
115,-42.84443472664343,-139.2256266977223
116,-88.76054330189493,-137.77953346210904
117,-77.51451789653706,-138.85476001918377
118,-181.85627653057895,-140.07408514198806
119,-266.03284420617285,-140.65923578905313
120,-228.47843005448752,-140.6521767044522
121,-76.72353042079763,-138.32466699591646
122,-143.97152501221257,-138.5755125759167
123,-65.59402660013808,-138.25946699564503
124,-80.3044433500309,-138.20842580565585
125,-117.474349577287,-138.48267086836316
126,-99.51356990863567,-138.493731901331
127,-40.70774136560753,-135.95915398790504
128,-119.16361230654115,-136.26899264559918
129,-131.8593799203128,-136.4781855367136
130,-144.91011729321124,-137.0299861171988
131,-99.09529361686258,-134.19284544156523
132,-88.3222886100738,-133.97257197214583
133,-140.28672199848887,-134.26425851682603
134,-211.88528709502003,-135.83023431125284
135,-83.89866288397872,-133.67588533473784
136,-295.7183378139006,-134.4814544997501
137,-261.40321938348353,-136.53456438476545
138,-125.96033154882736,-136.85662484326633
139,-226.35783117731012,-137.69949153434993
140,-100.92416750381773,-137.379443534279
141,-125.7316022696343,-136.23246857365766
142,-233.74946649565365,-136.71366567787481
143,-87.97813235047701,-136.36970781479982
144,-127.2463672896503,-136.42717492765655
145,-66.3758296747585,-134.26096759004395
146,-86.45370776039908,-131.55589753200212
147,-123.99902716311145,-131.32214095234542
148,-153.34467165433608,-131.43217091468048
149,-117.55038145053892,-131.65084655724036
150,-84.82680795419813,-131.48116263124447
151,-121.86349234553398,-129.42972455797218
152,-97.52455331578768,-128.77038631246876
153,-196.88965474513077,-130.15808937057113
154,-112.99238137912725,-130.00810409504658
155,-121.8925391483164,-129.06495452131026
156,-163.60636631920966,-129.0680147919151
157,-73.53640043590528,-128.02539822609165
158,-104.35946284702015,-127.75423918545206
159,-40.0122799917969,-126.93039250860957
160,-91.75437582379078,-127.03073656135861
161,-158.181534473875,-128.03181166398116
162,-82.98118263220707,-127.58741915280041
163,-82.57551108140123,-127.57665399910435
164,-140.77521535187412,-127.80334565690208
165,-59.58517907671884,-127.80700038147288
166,39.583564565747025,-126.45442935048976
167,-136.36573602382776,-125.38207271983156
168,-152.68031423652926,-125.70810776371219
169,-113.12560404278787,-125.36299867123451
170,-25.20647845894014,-124.50808665356344
171,-108.66561263036368,-124.993537758522
172,-63.6722808357927,-124.61996567155761
173,-187.23170009757627,-125.2822325789874
174,-102.19951425376266,-125.32784757712344
175,-87.56238612615259,-125.02110247477381
176,-179.77991368454838,-125.71419355883721
177,-80.52081079134027,-125.10465478878686
178,-94.8391007655164,-124.14294742845746
179,-56.12774769483062,-124.3406061409719
180,-119.84277626527329,-124.2399331642507
181,-154.43983379655384,-124.91071691447749
182,-103.30481798274988,-125.7330787292127
183,-179.60051464763637,-125.2472691743864
184,-48.993886004571735,-124.12964320801116
185,-1.918551261097008,-122.95351881112127
186,-98.05417164689098,-120.33821062110734
187,-78.83175323399203,-120.57252411175665
188,-111.11320913511624,-119.41509361450713
189,-84.72670691258406,-119.28373485318335
190,-83.2425975831819,-119.71029538535483
191,-134.47803776445525,-119.89154927970516
192,-92.42367048324132,-119.12448539275368
193,-50.76098719962557,-118.44085724636278
194,-124.59527140907346,-119.08855014614257
195,-93.3344527067268,-119.12910955622165
196,-122.35544016788026,-118.94305874994184
197,-90.64695460755246,-118.63560078553114
198,-80.48930991779311,-116.4199309670701
199,-95.51591054606924,-115.42773151932022
200,-77.79437376860116,-115.00076820996675
201,-102.38141265818867,-114.49325475609525
202,-91.45322169680772,-115.73026176581484
203,-204.10385161714504,-116.71052950279584
204,-67.6695112810626,-116.11154953061693
205,-125.76213539418761,-115.2729079768521
206,-252.45920066801494,-117.23935583731449
207,-185.05927704577059,-118.42357592119035
208,-112.76391555747078,-117.36460833926205
209,-35.15359604301658,-117.13933346635415
210,-46.472714519811916,-114.90700415758626
211,-60.74188144998166,-114.31883222834139
212,-102.84822028209489,-114.26040940602526
213,-93.33304080965355,-114.23169592661905
214,-46.03919174616999,-112.96445640019567
215,-66.98672358613734,-113.2058792887906
216,-107.6465637320489,-113.39473949309216
217,-115.55223197818664,-113.77511663390864
218,-124.28853226157791,-113.19943919121866
219,-117.4148841305869,-111.7132595904628
220,-92.46195150574047,-110.35309480497531
221,-67.21143372733329,-110.25797383804067
222,-106.01571574885686,-109.87841574540711
223,-122.95342628395225,-110.45200974224527
224,-115.62224604309074,-110.80518776917584
225,-39.47829625485125,-110.02522723595149
226,-90.76538326028003,-109.93774536946792
227,-84.50321934867517,-110.37570014929862
228,-47.90996032803402,-109.66316362951353
229,-66.67690544464992,-109.01133888475691
230,-159.79873085718452,-109.16022502039667
231,-62.840460408856465,-108.7976766883166
232,-120.5406428938684,-109.11986023115456
233,-123.07794756187944,-108.94777248678845
234,-106.94431591234614,-107.89836277496171
235,-99.73255799418057,-108.05670172606374
236,-145.90269838389412,-106.5585453317637
237,-63.10332160682714,-104.57554635399708
238,-67.2391263084707,-103.98833430159353
239,-80.65393443910705,-102.5312953342115
240,-51.17094498046965,-102.03376310897802
241,-7.3383845593165375,-100.84983093187482
242,-106.82465120231512,-99.58058277894146
243,-95.70769623682664,-99.65787841780494
244,-67.32585408176355,-99.05867328572609
245,-72.22494885268962,-99.1171644775054
246,-101.38406714171981,-99.26646807131863
247,-80.0370001569226,-98.82684780125673
248,-106.31053087825971,-98.35650639349596
249,-200.43078589986328,-99.18531043798919
250,-79.7660487445178,-99.1347028458924
251,-134.2182108303281,-99.25825003074033
252,-31.242254001889563,-98.59542703760135
253,-99.38949468354869,-97.62042543698551
254,-53.63220742853245,-97.02682369747957
255,-50.867463455801484,-96.31657294055444
256,-370.3886327517488,-98.38439560487981
257,-57.68110263851666,-98.22584262690594
258,-108.8896864363823,-98.27114486279956
259,-82.03686001328077,-98.6913906630144
260,-56.68901918962422,-98.34073709667271
261,-106.15612058113582,-97.82048295774534
262,-79.04598050385482,-97.7811309364618
263,-85.6709468332211,-97.81208529398002
264,-69.6394444466771,-97.10072758492807
265,-58.91532454524444,-97.09402903961332
266,-76.71373085933075,-98.2570019938641
267,-52.47183239277175,-97.41806295755352
268,-10.60558172894828,-95.99731563247774
269,-88.56335677701692,-95.75169315982
270,-14.637876298388846,-95.6460071382145
271,-85.96439097083555,-95.41899492161922
272,-96.54498075191587,-95.74772192078044
273,-105.36397753748295,-94.92904469517951
274,-94.64324560082002,-94.8534820086501
275,-13.908233499216223,-94.11694048238074
276,-28.243819690970497,-92.60157954244494
277,-89.25797296297279,-92.68895116416127
278,-66.13151814957922,-92.4018753380019
279,-80.80659576671125,-92.64866381872069
280,-113.50048439865398,-92.5852409000545
281,-50.85615034031686,-91.54940406549214
282,-72.26712018402105,-91.23902708750484
283,-85.54566110587179,-90.2984785520872
284,-170.9663519057551,-91.51820321109905
285,-223.2109573906659,-93.73112727239473
286,-180.66323326064466,-94.55721788853226
287,-93.83541164527597,-94.70725447264509
288,-111.86222007967602,-94.7147445820907
289,-119.01344099382398,-95.05761192290309
290,-90.34790946956937,-95.12866504176696
291,-196.43056043671976,-95.74819026848962
292,-190.0818182751995,-96.72477174640919
293,-47.22092257344016,-96.68937110014734
294,-38.87137195133445,-95.83213210556997
295,-351.76043731397556,-98.41639195164244
296,-80.84703047702752,-98.00130785473391
297,-85.19389274103604,-97.94677723606874
298,-63.201164254095964,-97.77389577943177
299,-34.35965146541152,-97.1623331886252
300,-106.1226878253614,-97.44561632919282
301,-111.17119988625305,-97.53351420147347
302,-132.12331492012999,-97.94021513370667
303,-96.05499515356509,-96.8597265690709
304,-82.78340675286682,-97.01086552378894
305,-62.5591372706629,-96.37883554255367
306,-100.67461708474187,-94.86098970672094
307,-51.56536036172662,-93.52605053988049
308,-105.36308320183592,-93.45204221632416
309,-68.29687383624649,-93.78347499425645
310,-56.05946085772508,-93.87934245763557
311,-63.25661382744222,-93.90448978141018
312,-10.424339724447478,-92.9802509758337
313,-34.65313630026688,-92.39345193073983
314,-59.30185603274266,-92.52607857360556
315,-58.50064043033405,-92.44121774204754
316,-54.42800872611135,-91.90903219198817
317,-60.35791027758485,-91.35708897498216
318,-47.91610917876821,-90.59336474415406
319,-65.50618420861196,-90.07427774493432
320,-68.04676744784953,-89.83012590435541
321,-90.37049496577949,-90.06171651673986
322,-57.387984758768596,-89.57543920683898
323,-34.69709793253112,-88.69287592332478
324,-52.527543515632054,-88.06192889805017
325,-31.039061178555542,-87.97753654728722
326,-218.89494038479273,-89.25883211853234
327,-71.04290712799009,-89.12422899632548
328,-77.33765894125773,-89.41850598245773
329,-59.990023449789824,-89.35163716250912
330,-51.183813748719146,-88.26548799142446
331,-107.16019447476151,-88.70868533208353
332,-236.59575094243917,-89.86923641256922
333,-75.99279768610266,-89.39838491381146
334,-92.66443480508748,-89.25558610273885
335,-75.05883970040927,-89.00884891980115
336,-62.17784171656157,-88.17160035312781
337,-36.81452885078886,-87.90871242556746
338,-64.83067860904943,-87.88462794857324
339,-69.33589991411061,-87.77144760332328
340,-65.22707853383251,-87.9120089388569
341,-148.61307341371293,-89.32475582740088
342,-64.56893679362597,-88.902198683314
343,-142.0120572766004,-89.36524229371173
344,-114.94150847751541,-89.84139883766926
345,-46.86391694761082,-89.58778851861845
346,-113.17424305152049,-89.70569027771646
347,-81.13625457291238,-89.71668282187635
348,-130.70808324259494,-89.96065834551969
349,-68.58717421718497,-88.64222222869292
350,-75.34670019050164,-88.59802874315275
351,-147.62090264431595,-88.73205566129263
352,-57.37682221689053,-88.99340134344266
353,-33.70703769856617,-88.33657677359282
354,-53.77960882987294,-88.33805078760625
355,-37.69593754893326,-88.20633552853755
356,-58.005423880327385,-85.08250343982336
357,-148.6768320713695,-85.99246073415186
358,-47.91150171044603,-85.38267888689252
359,-39.93529575959376,-84.96166324435562
360,-101.08882312187916,-85.4056612836782
361,-115.12750772702897,-85.49537515513711
362,-87.49327008858855,-85.57984805098445
363,-73.59107222870992,-85.45904930493936
364,-19.308112652761565,-84.9557359870002
365,-31.331974098562227,-84.67990248253338
366,-76.0458075078682,-84.67322324901873
367,-41.69403383120341,-84.56544526340305
368,-55.108393776235715,-85.01047338387592
369,-84.86315928380166,-84.97347140894375
370,-49.11580629544113,-85.31825070891429
371,-53.70059157666854,-84.99561271497261
372,-28.895967799286723,-84.31912258544631
373,-94.78127091110173,-84.21329551918251
374,-90.5592522864877,-84.17245558603919
375,-65.52949573438278,-84.68866820839087
376,-114.60115621050865,-85.55224157358626
377,-95.28468708959939,-85.6125087148525
378,-75.2367140796482,-85.7035606741532
379,-74.91088055927776,-85.64460352207887
380,-89.90564070089087,-85.40865508510123
381,-95.25952697016392,-85.85268885139969
382,-47.08408309215092,-85.60085848048101
383,-82.33355395602501,-85.56873740898253
384,12.399759599000546,-83.73507629393498
385,-109.65747188929392,-82.59954143892126
386,-47.4794666560454,-81.26770377287528
387,-99.96649523028638,-81.32901460872537
388,-75.11593480329284,-80.96155175596155
389,-75.27976050624179,-80.52421495108571
390,-132.6978345152021,-80.94771420154204
391,-87.50496928738335,-79.85845829004867
392,-95.98687675930545,-78.91750887488973
393,-67.54486404143827,-79.12074828956972
394,-84.77818438295087,-79.57981641388588
395,-296.1760799424196,-79.02397284017032
396,-211.90637673445428,-80.33456630274459
397,-51.98883921424725,-80.00251576747671
398,-51.10501920552815,-79.88155431699103
399,-102.08942994859267,-80.55885210182284
400,-35.533348109410255,-79.85295870466332
401,-145.89636824977023,-80.2002103882985
402,-31.810374203605434,-79.19708098113325
403,-65.04536425498345,-78.88698467214743
404,-47.04767161097941,-78.52962732072857
405,-34.620323459942824,-78.25023918262136
406,-16.133789790387127,-77.40483090967781
407,-42.459808146220716,-77.31377538752275
408,-20.376875854801725,-76.46391331405242
409,-73.744679303759,-76.51839136872753
410,-54.610101055685874,-76.50389777070714
411,-89.70444115837297,-76.76837604401645
412,-169.23978911185395,-78.35653053789052
413,-70.7834722571847,-78.7178338974597
414,-223.67441322773692,-80.36155946940963
415,-109.74491446398008,-80.87400220974611
416,-40.13696954670452,-80.73109181795203
417,-27.547210246547166,-80.40298481764167
418,-87.2649814158278,-80.79647354001224
419,-182.0804553372282,-81.96221625129841
420,-51.1232322145961,-81.79298089896587
421,-31.712622624457765,-81.20640217555265
422,-60.94495575000614,-81.24197188546505
423,-138.96708735460922,-82.28467177968581
424,-68.7669940680736,-82.44706628521024
425,-54.35901536973696,-82.68026582712206
426,-53.84384298907881,-81.02975485316489
427,-4.154382250065396,-80.36086960438566
428,-17.471320545058475,-79.76220622042366
429,-91.85551168196595,-80.08086110274543
430,-61.219514820594114,-80.18121811346417
431,-136.38609277096924,-80.47347709642627
432,-71.44167410212464,-78.82193632802311
433,-85.14759737600517,-78.91348432492214
434,-89.8187065466104,-78.88502704233736
435,-87.44722846192873,-79.00891092995256
436,-75.81228535322967,-79.14525536631923
437,-84.59364335723997,-79.62304651138375
438,-47.96286897153353,-79.45436841500859
439,0.32459075854052344,-78.75776350828208
440,-59.77254737911302,-78.7032181967349
441,-113.72258874216315,-78.3543133500194
442,-29.1316416472814,-77.99994039855594
443,-65.67051869792056,-77.23652501276915
444,-94.8508407838232,-77.03561833583223
445,-50.84911926127741,-77.0754703589689
446,-3.4547234455305897,-75.978275162909
447,-95.02568945072272,-76.1171695116871
448,-56.91902537080813,-75.37927893296923
449,-29.74492814586307,-74.99085647225601
450,-88.47052794251174,-75.12209474977611
451,-140.07937179321198,-75.04667944126506
452,-97.93173724324663,-75.45222859152862
453,-93.5884349209826,-76.05104256375279
454,-50.78358758558166,-76.02108235130987
455,-286.45189932127414,-78.50864196903329
456,7.119803855883589,-77.85738969167119
457,-97.45099097736559,-77.34513128073115
458,-35.60176491604507,-77.22203391278714
459,-46.88647850234232,-77.29154574021463
460,-26.469228989040843,-76.54534979888624
461,-4.030762367184167,-75.43438234528779
462,-128.44730478810698,-75.84392269228297
463,-33.132883390899394,-75.43934080390487
464,-71.24805786610463,-75.95874025603828
465,-61.24314873866589,-76.25785200243934
466,-90.90752090550015,-76.40646913641564
467,-19.526730251696293,-76.18479610062057
468,-40.7683287720898,-76.04139545057912
469,-71.57498839466851,-75.90851374168778
470,-61.99699810975413,-76.03732565983091
471,-163.62024373135625,-77.13652218137779
472,-76.34367615536779,-77.6109992649386
473,-23.33801882360781,-76.89656674406366
474,-4.843537441989909,-76.03940959561868
475,-110.92936109558838,-76.49340824923074
476,-72.75861493894058,-76.07498283651506
477,-153.92310363864084,-76.66136700200548
478,-8.18246244012552,-75.99082448561025
479,21.327935098937957,-75.0284363290281
480,-100.7454432795842,-75.13683435481502
481,-72.6864910227047,-74.91110399534044
482,-53.384290769532456,-74.97410607211424
483,-39.431367085213516,-74.54508420340613
484,-58.335128221770724,-75.25243308161384
485,-49.07647442490814,-74.64662310697
486,5.096946343390584,-74.12085897697563
487,-18.073897585114608,-73.30193300052392
488,-69.21119037766913,-73.24288555626768
489,10.11049325984709,-72.38898301860678
490,0.614636388019477,-71.05585830957457
491,-21.801235684274275,-70.39882097354348
492,-46.692086143932414,-69.90587306738973
493,-76.18646036106081,-69.99228903058598
494,-52.094750800712575,-69.6654546947636
495,-69.3947691696712,-67.39764158703612
496,-39.82022344253795,-65.67678005411695
497,-43.03681985008369,-65.58725986047533
498,-199.86045900649853,-67.07481425848502
499,-32.89598061751508,-66.38287976517425
500,-72.21708184199423,-66.74971710250009
501,-56.554797822225524,-65.85630139822464
502,-153.61639389107225,-67.0743615950993
503,-85.16423883237323,-67.27555034087321
504,-113.80455165521724,-67.94311914131558
505,-52.72388604462421,-68.1241547671624
506,-90.17514351427609,-68.86456830440129
507,-38.01402468862414,-68.82011046982531
508,-105.92997996578326,-69.67564151093512
509,-40.42565961819822,-69.34245131407951
510,-58.065862318611764,-69.37700892670878
511,-77.98472311074643,-69.2598117462325
512,-26.598776480001348,-67.83340161991399
513,-41.0633935408909,-67.53620083275104
514,-7.3928979658814455,-65.37338568013249
515,-51.01827977482186,-64.7861193332409
516,-21.153642050252643,-64.59628605827639
517,-56.837206655614835,-64.88918602236707
518,-31.203792596965357,-64.32857413417845
519,-58.47430636672945,-63.09251264447345
520,-44.21772990282467,-63.02345762135573
521,-98.98114673990682,-63.696142862510236
522,-70.57376679394861,-63.79243097294965
523,18.95294281823459,-62.21323067122122
524,-81.08399390993493,-62.33640066963982
525,-76.79704002154457,-62.56078091615791
526,1.6610417017418513,-62.005732069249696
527,-36.15145086524461,-62.32570275540149
528,-21.33012362283533,-62.36429078617926
529,-58.49200695208063,-62.03065573888041
530,-22.518028658631607,-61.643640877260786
531,-32.27878488446564,-60.60256779839575
532,-101.90928789171481,-60.90724393629165
533,-76.27741187993644,-60.81854208133096
534,2.750398179437724,-59.892851034070475
535,-117.85662334532536,-60.19694498290444
536,-95.93706452016912,-60.39819277457384
537,-1.7864010899852332,-59.570120351901295
538,-39.77305809368658,-59.48822224312283
539,15.782819661235948,-59.33363995409586
540,-106.38821349826952,-59.79979661528744
541,28.097102915862877,-58.381599698707184
542,-67.73342016258394,-58.76761748386021
543,-131.28985003335904,-59.42381079721459
544,-96.94882371842832,-59.444790626560646
545,-133.62880142085547,-60.27258744815643
546,-72.70792453710806,-60.96511945907221
547,-37.3323143788906,-60.38818570835387
548,-11.94740067590476,-59.938469461404836
549,-83.44288457746775,-60.47544902572087
550,-9.776259823594884,-59.68850634453172
551,-184.10337173478652,-60.12874634394746
552,-80.90119345793008,-59.9584409060943
553,-58.497228452547546,-59.60752884140995
554,-72.74632818602016,-59.82715624741433
555,-25.98384346920932,-57.22247568889368
556,-62.41643190098034,-57.91783804646232
557,-4.034830391072788,-56.9836764405994
558,-49.28598166974642,-57.12051860813641
559,-12.884301299069932,-56.78049683610369
560,-20.472407473279375,-56.72052862094607
561,-149.47935984446545,-58.175014595718885
562,-92.69207755902994,-57.81746232342811
563,26.919584827385393,-57.21693764124525
564,-37.0070019796964,-56.874527082381185
565,-84.80453692862321,-57.110140964280745
566,18.91702221743398,-56.0118955330514
567,-59.92469957495405,-56.41587522628399
568,-149.8032836451789,-57.50622477501487
569,-10.270302502923485,-56.89317791609742
570,-166.0523337402699,-57.93373127240259
571,-101.13862698294844,-57.308915104918505
572,-54.309488663138175,-57.08857322999621
573,-92.08142066936016,-57.776007248453745
574,-57.06111909296677,-58.29818306496352
575,-8.250714523791856,-57.271396599245534
576,-24.018737742191334,-56.78399782727806
577,-52.85565106394999,-55.773323301531136
578,-51.40725737771892,-56.205571250907084
579,-63.909931695556985,-57.05794991885204
580,-7.006255908023121,-56.120558045136434
581,-70.36956708642337,-56.09738880577362
582,-10.914711147237412,-55.67269300955067
583,-80.87951164692922,-56.08717445516781
584,-51.587152943034155,-56.01969470238044
585,-182.35651639634108,-57.35249512209478
586,-90.30463201982826,-58.30651090572695
587,-94.6282081611314,-59.07205401148713
588,-69.69307539106377,-59.076872861621084
589,-46.31650577786991,-59.64114285199825
590,-101.560456280009,-60.66289377867852
591,-10.613769184688081,-60.55101911368267
592,-159.4899642214742,-61.67899789445808
593,-57.697034796112916,-61.4941036388086
594,-134.18035780658315,-62.314959708867306
595,-173.65157797985952,-63.35752779696919
596,-104.69256192188132,-64.00625118176262
597,-112.61949782495043,-64.70207796151129
598,-75.39844215750452,-63.45745779302135
599,-15.47723756291488,-63.28327036247534
600,-69.97547449033031,-63.26085428895871
601,-194.37427722633765,-64.63904908299983
602,-67.71239322882474,-63.78000907637736
603,-78.96300371905319,-63.71799672524418
604,-84.5107465590269,-63.42505867428226
605,-68.91999041335934,-63.587019717969625
606,-2.8580133264154455,-62.71384841609101
607,-94.1770082598008,-63.27547825180278
608,-153.8927999236496,-63.75510645138142
609,15.661125738954183,-63.19423859780991
610,-36.90742388469975,-62.98265421347078
611,-40.616874614893995,-62.60897572851226
612,-11.308120838271478,-62.45606917209497
613,-70.8037922686892,-62.753473159372945
614,-76.74990034775487,-63.44704318319168
615,-179.20633242015674,-64.72892370964504
616,-57.27513703762184,-65.09013865951871
617,-41.032918533596444,-64.93209577829856
618,-32.2973105366364,-64.94303095769524
619,-55.626327506752375,-64.91455116909549
620,-56.07414566492293,-65.03311532671646
621,-7.839725559112864,-64.12170111490852
622,-59.767024937332195,-64.01363369634235
623,-28.69946100526012,-64.49015773457731
624,-83.77833813326855,-64.51710117681064
625,-76.29879030127135,-64.51211867960791
626,-32.24351675874074,-64.85116426421274
627,-32.82267970909808,-64.81787655265127
628,-67.16721498219525,-65.27624746624488
629,-12.25069569937024,-64.81383435371778
630,-126.47875401600642,-65.85344160729151
631,-69.95606934367918,-66.23021445188364
632,-78.96452028018274,-66.00076677576833
633,-25.87411826206737,-65.49673383958964
634,-40.4606494726099,-65.9288443161101
635,-33.23717979530669,-65.08264988060992
636,-19.019047585782445,-64.31346971126605
637,4.898575207117418,-64.24661994829503
638,-93.27327232998411,-64.781622090658
639,-6.4263147545159995,-65.00371343481552
640,-31.035181877136964,-64.2501831186042
641,-55.54092822816382,-65.08656343004446
642,11.5699447447234,-64.2935297809714
643,-46.614025349362976,-63.44677153413143
644,-114.5155945683327,-63.62243924263047
645,-7.425090217835304,-62.36040213060028
646,-13.355154938809733,-61.76687443461729
647,-116.36939580104793,-62.55724524883886
648,-108.30994085913836,-63.520870650671206
649,-8.955976776420954,-62.776001572660746
650,-84.92751026275552,-63.527514077052345
651,-141.31717216740077,-63.09965208137848
652,-91.83392871270752,-63.20897943392626
653,-22.198382312261955,-62.845990972523396
654,-80.84225322401056,-62.926950222903294
655,-90.68099218191635,-63.57392171003037
656,-89.59759774403342,-63.845733368460905
657,-62.99300610438588,-64.43531512559403
658,-65.84721394871684,-64.60092744838374
659,-80.55371660656147,-65.27762160145866
660,-22.882195136187207,-65.30171947808773
661,-208.1987824103898,-65.88891370374698
662,-39.85028485441533,-65.36049577670083
663,-118.71662557241002,-66.81685788069878
664,-128.035177062715,-67.72713963152896
665,-45.350474904532106,-67.33259901128805
666,-73.91760221307123,-68.26094525559311
667,-37.368558610611004,-68.0353838459497
668,-35.78287070468717,-66.89517971654477
669,-22.70140664236662,-67.0194907579392
670,-24.40790917605206,-65.60304651229703
671,-14.455986116675746,-64.73622010363428
672,-109.4787304292799,-65.28791252129571
673,-59.87835122272696,-64.96588182682937
674,-75.49361684900147,-65.15020680438971
675,1.7280179252417867,-65.05041947989939
676,-4.061576304804618,-64.85084786552552
677,-17.407497220437136,-64.49636632709039
678,22.4283963526737,-63.758009789786456
679,39.31141105715449,-62.72579636225935
680,-32.53672782270523,-62.981101081406166
681,-153.17986149663898,-63.809204025508336
682,-36.86821358492385,-64.0687390498852
683,-58.20215282723076,-63.84196546168821
684,-49.355569126920415,-63.81964962352708
685,-67.80039701330114,-62.674088429696674
686,-76.71189264287692,-62.53816103592717
687,-59.927634940996455,-62.19115530372582
688,-16.536836631169564,-61.65959291612687
689,-28.568734075981652,-61.48211519910799
690,-49.9647012629094,-60.966157648936985
691,-16.526993491850106,-61.0252898920086
692,-47.00373279289374,-59.9004275777228
693,-7.8841221798854235,-59.40229845156054
694,7.999162555737485,-57.98050324793732
695,-329.3235462871827,-59.537222931010554
696,42.390860531697825,-58.066388706474775
697,11.437040406991855,-56.82582332415535
698,-69.73409610662006,-56.76917986364649
699,-50.82366819995747,-57.122644170016926
700,23.754229969776972,-56.185347125415845
701,-23.64978580481916,-54.478102211200664
702,-88.97635703426128,-54.690741849255026
703,-66.82215038999473,-54.56933331596445
704,-62.133894730747905,-54.345564797681654
705,-11.978788048402123,-53.77615277403208
706,-124.69985519225969,-54.99457119269053
707,-42.918915524456565,-54.48199026533708
708,-61.47438002723305,-53.55780606637291
709,-80.01735326897553,-54.514590856452216
710,-33.097399530641326,-54.47649061291163
711,-39.18565586174019,-54.46217842538008
712,-41.52007457158264,-54.76429796271321
713,-7.256996418738126,-54.128830004213675
714,-139.07207779120546,-54.7520517786482
715,7.578173879347602,-52.88420671565316
716,-8.694715849439945,-52.39840250377134
717,21.299194681994322,-51.775081371615435
718,-212.94814510259056,-53.58158971727496
719,-21.94760137073314,-53.244802455914765
720,-136.140918722916,-54.04547018649471
721,-202.6583210419904,-55.993656141323484
722,9.260526819849943,-55.303380623751664
723,-5.018755178397171,-55.06657356548303
724,-4.897919954121647,-54.27776938369156
725,10.728047432834122,-53.4075010063505
726,-20.407310276474703,-53.289138941527845
727,-33.81275275502347,-53.2990396719871
728,-16.077225308312023,-52.788139775248275
729,-28.393933579392368,-52.94957215404849
730,-225.49204388974883,-53.93970505278591
731,-38.94777232385253,-53.629622082587645
732,19.301037620525648,-52.64696650358056
733,-271.24532978457387,-55.10067861880563
734,28.707689946442855,-54.4089952246151
735,-18.885066805284826,-54.26547409471488
736,-21.24084477838403,-54.2876920666409
737,-30.605267242950774,-54.64273049114158
738,-166.08563297976917,-55.37085409763942
739,-215.4966885838509,-57.46155783593277
740,9.529108507070646,-57.05591493209071
741,-98.57353634056994,-57.486241013214766
742,-17.52184533868757,-57.77715891404889
743,-5.654637291143814,-57.36756503346669
744,-23.154212841510258,-56.45395121619847
745,-16.652774184055588,-56.54622805586066
746,-60.89417084098873,-57.021618214882444
747,-46.93911391498589,-56.32731539602183
748,-40.259732632594904,-55.64681331375639
749,-20.188299176012585,-55.759136537752305
750,-33.01556423916858,-55.240017077516434
751,-33.83726266647082,-54.16521798250714
752,-286.51357470011794,-56.11201444238123
753,-60.12651696258027,-56.49129578888443
754,-31.596747030097646,-55.9988407269453
755,-32.083300916129105,-55.41286381428743
756,26.533877873189525,-54.25154905811521
757,20.400763301673223,-53.41761136405461
758,-50.58878583385199,-53.26502708290596
759,-59.318610335699546,-53.05267602019735
760,-11.491592126370804,-52.93876999009918
761,-97.75984318692993,-51.83438059786458
762,34.673378478306034,-51.08914396453737
763,-11.302980639462698,-50.0150075152079
764,-40.25165130678185,-49.137172257648565
765,0.6249124009568447,-48.67741838459367
766,28.240059874567038,-47.65584176371729
767,-34.08158910775519,-47.62297206868874
768,-89.0615723090812,-48.15575908473268
769,-44.942222092677895,-48.37816723923579
770,-16.429950564816437,-48.298387653123434
771,-77.51066965639964,-48.92893448852068
772,-50.673735448293925,-48.34088453871082
773,50.0773628616497,-47.241327397867046
774,-65.15398435790016,-47.13793107295603
775,-197.84164488532105,-49.13362770106166
776,-53.67223573301278,-49.629734295343745
777,-32.08438233497697,-49.77650314648914
778,-97.80220679109308,-50.978809177926806
779,-41.035616791267614,-51.782279456411025
780,-3.6923342933676935,-51.49383552111766
781,-42.41383985311259,-50.38617530468239
782,-96.5392447153137,-50.98288561598629
783,-53.72639694364227,-50.93812805715041
784,2.3077747350969418,-50.421494618530225
785,-15.124064068367375,-49.894731289080894
786,-56.11370448522217,-49.688749407504346
787,-42.87555853756909,-49.51822864347007
788,-89.48905075240476,-50.24775078468243
789,-194.81550883259933,-51.91021853224861
790,-53.12751400180662,-51.94184665963758
791,-22.19295495791684,-51.99850627429825
792,-100.84407827051749,-52.53690972907449
793,-25.516758710887146,-52.7132360943845
794,28.74844121840146,-52.505743307757854
795,-25.95547399779654,-49.472062584864
796,-0.4308826815413871,-49.90028001699638
797,1.849844210582006,-49.99615197896049
798,-329.8670739563647,-52.59748175745793
799,-137.34261488760518,-53.46267122433441
800,19.889754090589506,-53.50131598312629
801,-39.79617063711919,-53.66277983144928
802,0.20851349543519948,-52.77093112615232
803,25.085823381252737,-51.851851388439854
804,-8.405112165286155,-51.31456356278523
805,3.98477142693082,-51.154927968031906
806,-50.70090649104717,-50.41493848101978
807,20.842537196845026,-49.777323953806764
808,18.727495514175796,-48.97530519839267
809,-0.7023861851846789,-48.18215552755476
810,28.834444027533138,-47.56283709197301
811,4.842803916080555,-47.12255249419481
812,-31.177150283118166,-47.019123251310155
813,-53.98385100910151,-47.486391797213784
814,-33.328268495307896,-46.428953704254816
815,-26.650593806684412,-46.77124138111514
816,-282.7789072420726,-49.51208329504148
817,37.30040476178814,-49.35207119424354
818,-77.14951743456164,-47.99408491756325
819,-57.25680994203596,-48.34717700327627
820,-165.96342007241225,-48.64540201677124
821,-280.1479644062226,-49.420298450413554
822,56.407292327607166,-48.94883079533598
823,-181.94722195792258,-50.718115463131234
824,-23.873945134819564,-50.90787571493822
825,11.862818311606022,-50.89652800615049
826,-45.25342875402681,-51.14498919092602
827,6.092177422033146,-50.74593988915544
828,-9.345227099073284,-50.67861990706306
829,42.18813840338135,-49.972799187235324
830,26.97513247747365,-47.4481274235631
831,-25.985839555110914,-47.318508095875686
832,-129.2846923875263,-48.804365395956204
833,-68.68975624609591,-46.778809660571426
834,13.73776307931833,-46.92850892924267
835,-6.639209450001175,-46.80605035568984
836,-93.11953314227546,-47.524837239328754
837,52.04680042260702,-46.69831656267317
838,-294.2743814578459,-47.98020404745394
839,74.29694785550274,-45.08226768306041
840,-25.75468303563234,-45.435105598487446
841,98.95489516553272,-43.45982128342641
842,-39.634653448663315,-43.68094936452616
843,75.28045206047267,-42.87159847101
844,-366.32744150353403,-46.30333075763023
845,-29.725450618329774,-46.434057521972974
846,61.95921365868524,-45.205523676976235
847,39.344431837185354,-44.34268821945452
848,91.49095962363141,-43.025181296892264
849,4.465735336267315,-42.77864095176946
850,-48.694840054809774,-42.93543370992587
851,-58.11992005144638,-43.178260283775636
852,79.68437251536449,-39.5162808116208
853,70.42825320144212,-38.21073310998058
854,11.446604632230802,-37.78029959335729
855,-313.0979058487935,-40.59044564268393
856,3.6202717717434325,-40.8195817036984
857,-20.231597918603597,-41.225905315901166
858,-92.09875001302697,-41.64100495769292
859,-43.45620744261515,-41.482380928762076
860,52.29743995560624,-40.844490607942305
861,-20.17846002895334,-40.06867677636254
862,-60.63086857521358,-41.02171924689774
863,90.74611238642944,-40.001228316638816
864,-42.73445699128477,-40.02605637348385
865,-40.44050431212469,-40.436710540614655
866,-42.68341339058718,-41.1459452732662
867,-139.14432665589516,-42.1965726487476
868,-35.05115962938919,-41.656468521950686
869,-24.044911109213942,-41.447495412116034
870,-10.289722269451644,-41.38609312916239
871,-26.36597499642842,-40.87464618256267
872,31.689474794621503,-40.05101408013352
873,82.53451181345092,-39.726442590615505
874,31.003213188859462,-38.76487061514791
875,-23.88101875282402,-37.02526435382295
876,58.05786107308558,-35.90796338576196
877,-61.03564783016335,-36.19747604071383
878,65.20509357366235,-34.56740303706627
879,17.4783372407014,-33.98226349674658
880,126.32555206062689,-32.682084633206635
881,67.15473094482344,-31.586398925227275
882,1.73217177510044,-30.60368476032313
883,-38.18556621188421,-30.448276453005555
884,-6.84166830258944,-30.539770883382417
885,18.952743004317057,-30.199002812655564
886,97.84288078713021,-28.659436959932044
887,-6.552922904729492,-28.296210603603654
888,-32.767980045596545,-27.728999896535573
889,117.15992087235782,-24.609245599485998
890,-43.18423845162546,-24.509812843984193
891,-21.357591455593493,-24.501459208960956
892,-35.348983878930454,-23.846508265045085
893,-96.8043272839841,-24.559383950776056
894,103.90802720639927,-23.80778809089608
895,-30.85992208356666,-23.85683257175378
896,-70.7162529852366,-24.559686274790728
897,42.186308794261926,-24.15632162895393
898,-112.53680429523212,-21.983018932342603
899,-28.54210210509025,-20.895013804517454
900,38.577157600002096,-20.708139769423322
901,97.02999610672082,-19.339878101984926
902,126.54263769536524,-18.076536859985623
903,13.343065586603203,-18.19396443793212
904,-49.68919552040788,-18.606805271483335
905,-36.50906830556647,-19.011743668808307
906,40.793250637102986,-18.096802097526805
907,-52.90623766777075,-18.83428984617296
908,-20.10324573657516,-19.222597258680477
909,107.5769164685982,-18.139804232142648
910,47.97884335530706,-17.948360238864908
911,105.80714675458441,-16.938716810479868
912,96.57025308443204,-15.661242776804363
913,3.058126338134514,-15.090823003332002
914,100.06217908123318,-13.756918527566596
915,-60.0151944891937,-14.090564534391687
916,166.69489793824297,-9.595826482588532
917,27.007482376182224,-9.69875570644459
918,-19.932868338638997,-9.126589215485364
919,80.5540345973191,-7.748480770091816
920,100.88599701374457,-5.0799865992302475
921,135.00426667630757,-0.9284642884049467
922,117.11558713616225,-0.32138134031939586
923,-87.49284256462114,0.6231624536136193
924,138.24042776742115,2.2443061826360258
925,-4.536514542922518,2.0803128540907405
926,-8.695125835607243,2.4458958832749365
927,70.68981670105129,3.091872276065118
928,50.52813698268508,3.6906059168827006
929,-23.919070550981687,3.02953382733907
930,114.73312780676706,3.907113780632005
931,121.88731665261008,5.385845342709215
932,-62.913819823560964,6.049554068348868
933,-23.637318896087706,6.500078441848951
934,37.66067443536275,6.739307555409393
935,-8.241415415835263,6.723285495751054
936,150.33349315279145,9.157815758701723
937,32.80231222327785,8.965370876708432
938,19.271339039545495,12.100828081682344
939,63.44672339843844,11.9923258371117
940,-147.64246449619003,10.773448022506123
941,-259.0129414550969,7.193769656299832
942,122.979549413065,8.819911684917113
943,-98.26911544483595,7.084416009864026
944,-41.093079864379746,10.336759626255565
945,-21.650443145342166,10.417509700985446
946,28.424283679572284,10.082160401194315
947,111.15496303231089,10.80026571314557
948,-17.019426426794013,9.715161852641316
949,-2.1530540116512924,9.648973959162129
950,-20.116296636705655,9.93475939334317
951,235.45302151165868,12.870488808974223
952,97.08873826702026,13.04453246649078
953,-15.295039700154902,12.187299537474813
954,128.44289840612493,13.357262475213751
955,-39.25308364783426,16.095710697223343
956,8.365071602501843,16.143158695530925
957,15.341004393833117,16.498884718655294
958,81.83450956360925,18.238217314421657
959,128.77685975814993,19.960547986429308
960,-10.190838070327274,19.33566520616997
961,-26.512400829606463,19.272325798163436
962,-173.25122638903989,18.146122220025177
963,112.18397269036558,18.36050082306454
964,51.81986488913808,19.306044041868766
965,27.315088729228588,19.9835999722823
966,96.50659587212246,21.375500064909396
967,-6.246070864385544,22.70448262282449
968,127.45323106353361,24.329526529753718
969,-29.210970035756304,24.277865940488297
970,11.811360942832692,24.498876772611137
971,61.975076575910755,25.38228728833454
972,-45.09942063822761,24.61439833400604
973,4.576827530671039,23.83482149117824
974,70.94141921678796,24.234203551457522
975,3.5103766209926306,24.508117505195692
976,36.25274622675295,24.290066356732364
977,82.6118254407225,25.72654108944122
978,67.43051190042303,25.74879527270883
979,114.35765754788305,26.717588475780648
980,35.597074686025394,25.81030370203463
981,89.56645569309013,26.034420949517298
982,107.47453641557318,27.09184459592203
983,9.837596409587533,27.572076222136747
984,-27.76045308497484,27.36288837431289
985,-37.80734004452732,26.795287543824447
986,-28.51571755010474,25.5317015604521
987,40.11101058184957,25.99834089531789
988,49.34304252673604,26.819451121041215
989,-121.27071491944275,24.43514476312321
990,74.93966079466577,25.61638375558612
991,100.68700570413534,26.836829727183403
992,-197.51325344111987,25.215187031561513
993,-21.19038753510013,25.971326429050354
994,-253.7696751317524,22.394549405668837
995,-8.972194087699567,22.613426685627505
996,41.71219629165707,23.737711178396445
997,132.29178028440663,24.63876589329789
998,161.91881484488005,27.383322084699017
999,-80.18733973360685,26.866869708413855
1000,50.585971171797,26.9869578441318
1001,102.45195149515176,27.04117739801611
1002,-90.35109444419166,24.87224007662054
1003,-50.7182894311274,24.231626526443232
1004,84.90062048851861,25.5775246865325
1005,30.150503586956745,26.24412040545773
1006,1.0947138293861656,25.847135037380568
1007,-62.50021066876124,25.751195307370658
1008,-59.4286201094549,25.357941563641862
1009,-37.40415525935535,23.908130846362322
1010,-301.40435533593745,20.41429885944988
1011,-17.733020467035004,19.17889718723368
1012,90.78609374433474,19.121055593832715
1013,27.872083826281767,19.369195168714185
1014,-58.8783531590927,17.779789846310926
1015,82.09399398597904,19.20088173106265
1016,92.08654651607239,18.45479821684095
1017,125.24292386667834,19.437152631745906
1018,-160.1072152216745,18.035409162915553
1019,20.0404393861711,17.43027321080407
1020,52.427081104301294,16.945684051709645
1021,-47.50236091042727,15.120617775842291
1022,-47.445494825995084,13.475006956220717
1023,13.316451791165733,14.483099899778587
1024,-11.952805339132397,12.981167568713055
1025,-151.2435520638079,11.514097193504199
1026,86.5420951556654,12.466469403416925
1027,110.5112902817358,12.864684139223769
1028,108.3059082087124,13.442461851484046
1029,-23.62750863577385,13.445377470636119
1030,-44.31092828775722,11.85493690969088
1031,-63.564835341736,10.000415389747415
1032,22.13400141202382,10.850893602103262
1033,-27.695932403149882,10.81030746703264
1034,10.580858524666553,10.53950930792568
1035,136.8918510918156,11.990841973002189
1036,84.89899806527472,11.336497022127023
1037,136.1615272779319,12.370089172673561
1038,28.122278283156305,12.458598565109671
1039,23.74606537818127,12.061591984907098
1040,-19.683556483941942,13.341181065029582
1041,17.209578090254368,16.103406260483094
1042,-59.93748119418028,14.27423595441064
1043,-72.1131266127459,14.535795842731543
1044,107.58505847883359,16.022577226163673
1045,18.036002614238626,16.419441683759484
1046,97.07897601266397,17.1059886070904
1047,2.1362544656491167,16.01580152142378
1048,-56.570463770364384,15.620291147988075
1049,-1.848848497215144,15.623333203132436
1050,50.1226357484685,16.325722526984176
1051,-13.08265969503887,13.840365714917205
1052,121.85329818569954,14.088011314103992
1053,-16.492782295091928,14.076033888154623
1054,20.230058757513746,12.99390549166851
1055,-10.41898044447344,13.282246523702122
1056,100.77244456229042,14.20632025330001
1057,-44.66085669080377,13.606301642453642
1058,105.75638395641488,13.8455203863817
1059,99.05919940727341,13.548343782872935
1060,-106.58587062332165,12.58439345734299
1061,91.99889774423727,13.769506443081427
1062,-250.13764201519353,13.000642286819891
1063,122.94014111435114,13.108203971059748
1064,19.665737272419392,12.786662694892557
1065,3.302803996009132,12.54653984756036
1066,32.628000662999284,11.90775389546913
1067,6.418927793977588,12.034403882052766
1068,-42.76127575336682,10.33225881388376
1069,100.48229964506751,11.629191510692
1070,3.7846432156593863,11.548924333420267
1071,110.01973597802089,12.029370927441366
1072,18.31951122627412,12.663560246086384
1073,87.32880740886837,13.491080044868355
1074,-427.05160390770106,8.511149813623465
1075,115.11354787343956,9.627181526147933
1076,-283.33955313816716,6.431258532498734
1077,-27.678101237354454,5.328359265717965
1078,-185.30617925928874,2.8009923541208472
1079,-281.4829443336897,-1.1574136646948814
1080,114.49736837786952,-0.36841072777643774
1081,17.51466230774939,-1.0889286616298457
1082,-111.4752069236975,-3.2784260950225534
1083,12.341595403171885,-3.25338610508671
1084,-12.39152721206655,-3.0996968463576255
1085,-20.379796105433854,-2.925421406966692
1086,-11.035848643442705,-2.7506227179000713
1087,109.33019463369097,-2.0584308773816575
1088,92.26147699919976,-1.6292465326570202
1089,81.60285706138988,0.3994891871513059
1090,-18.507412901660828,-0.534981549811959
1091,-67.8384324912473,-2.2202359317657865
1092,-93.30577069278124,-1.1781611042823992
1093,84.90035055272132,-0.11725372340418531
1094,-83.74841329612914,1.5829588949520466
1095,-6.277576684683012,1.6099050689822128
1096,-23.420711090852365,0.9585759951571161
1097,-22.337907503319386,-0.5877208827201434
1098,13.963727785092857,-2.067271753318017
1099,-15.901603127214386,-1.42441438725409
1100,-8.654597826274554,-2.0168200772348075
1101,-16.788375110109044,-3.2092233432874138
1102,0.8228097506667496,-2.297484301338832
1103,-64.21708953557852,-2.4324723023833417
1104,70.5482465999324,-2.575996041269205
1105,20.099239334203773,-2.6765086837967336
1106,111.49489527531605,-1.5725068693374353
1107,90.02178544278826,-0.04728690822194011
1108,112.93119140549199,1.6763112069275286
1109,10.269878873592418,2.1530515482570065
1110,54.091627682224974,5.708011378438631
1111,-36.30556040915117,5.522285979017469
1112,-47.891197457790376,4.135513066996218
1113,-96.00657124591218,2.896726516274278
1114,56.08514933634302,4.0463615412286345
1115,114.69615817694714,4.372383183138315
1116,20.371957894355475,3.6552372969211473
1117,43.55437835714656,2.8383518418258284
1118,98.37871481088357,5.423211142151409
1119,106.67550478131118,6.289561796102809
1120,18.828594996162384,5.95357693502142
1121,-56.92293238203905,5.859371220305304
1122,94.00791062012105,7.273905274766464
1123,36.29261336453371,7.503666890500145
1124,78.71120895894929,8.410307033480963
1125,81.06114730531357,10.733354027172176
1126,99.34046342874721,10.861337709902996
1127,17.3243730205634,9.929468537291271
1128,-108.14753705655092,7.764934084638636
1129,-109.76077247150582,6.903601446281316
1130,130.71023812133535,8.653813110372242
1131,65.24291597996695,9.941890623589273
1132,106.58391723045831,10.786389781773618
1133,8.359607202401136,11.146945177829128
1134,-196.1892656959942,9.07924393562252
1135,7.327615890177043,7.783601583606135
1136,124.93004808941619,8.18391208384755
1137,99.74059400490007,7.819702751117234
1138,90.59763476715372,8.444456315957206
1139,-116.5525090245687,7.041470571929707
1140,-10.722552833205455,7.131080608437071
1141,-27.65745777760111,6.682410249758516
1142,4.6080771986174085,7.327865833686494
1143,10.611321489866683,8.15511031471262
1144,-174.48682603703043,5.334391469553977
1145,21.51669178026492,5.36919836121424
1146,-29.481295599450476,4.1035956450930975
1147,117.6257213580308,5.258490314016914
1148,120.74718869577747,7.0316668386783325
1149,-25.896757770701328,6.7911877459434695
1150,5.337189465676715,6.343333283115553
1151,102.59856729351634,7.500145553001103
1152,147.22152995121047,7.753827870656214
1153,26.171199444401466,8.180467688051149
1154,17.750615645209066,8.155673256928104
1155,7.001209394844622,8.329875155321282
1156,19.603521177915525,7.518185921477536
1157,127.13356637321387,9.236130152117711
1158,-41.994604950684696,7.758620263046716
1159,141.67448404329105,8.184773109406892
1160,-226.18615269167185,6.988770288723388
1161,-11.626627769374124,5.952515033587274
1162,20.31316475456603,8.657023101284869
1163,39.410921999848114,7.8217309101398405
1164,151.71265885698267,9.142200125985473
1165,-5.23588691666842,9.056813216858698
1166,132.7339700269821,10.057872910498526
1167,17.52839878277004,10.168967620386452
1168,15.646412024038312,10.753044498160502
1169,98.07732122367342,10.728994713946562
1170,39.3337898446695,11.084486180236663
1171,125.30591222978312,11.237347942754283
1172,-82.28872151513103,10.231265615340234
1173,8.64751650254017,9.444452706276952
1174,-112.29687855612947,12.591999959792666
1175,-24.067323105600067,11.20019125000227
1176,114.9907326522669,15.183494107906611
1177,-189.3003283033957,13.567271837246196
1178,158.22654748054728,17.002599104644556
1179,79.24254470807256,20.60985399506218
1180,46.44749278129353,19.92935523909642
1181,134.58108930889233,21.100019509107845
1182,43.35827925611699,22.648354370905995
1183,108.67408163986077,23.611679233272884
1184,-20.076367409572896,23.534830831297818
1185,125.1074767640063,24.98970355999222
1186,33.76165872379306,25.43767863366458
1187,-15.444651938956099,24.18993016793811
1188,50.3693099003472,23.77100849694958
1189,-54.8768895683945,22.406211030651743
1190,66.38851871915092,23.25517034685986
1191,150.4963434859156,25.438518106631488
1192,71.00175443337059,27.081593357893002
1193,-11.303610051730942,26.11955375184848
1194,-93.35217136306979,26.02351617117907
1195,11.615592175243762,26.202447859778346
1196,-316.63893981714455,23.270265572515417
1197,108.63957606480031,24.58004040819662
1198,-0.5812077633869563,24.434591052711816
1199,133.16426263342765,25.92524971031824
1200,26.461506721124337,26.27641075579223
1201,-249.5518209181725,23.948776297711603
1202,-3.4664568976838837,23.905883631228097
1203,128.7860492833122,25.835915019416998
1204,-18.244188042335693,24.94799067299432
1205,10.837660031824427,24.855374879970523
1206,-28.987565292991107,23.450550274287448
1207,125.71554859382421,23.80748790579781
1208,102.79585432446818,23.706134534987573
1209,39.871504015832244,24.002150786409974
1210,-75.9283877164768,22.701950632422953
1211,158.88106638315006,24.65381690034597
1212,8.607795060491995,25.218806825528794
1213,116.54612707205217,27.344333808708438
1214,147.65536555675226,28.260035970912526
1215,69.39218921364004,27.806996281279456
1216,81.58577803615111,28.41913448269741
1217,103.784120790201,29.021431907027953
1218,25.633453138395055,28.293979290303067
1219,-34.859508027185086,26.878629162218104
1220,132.02211225431859,28.010564334799664
1221,46.585889866227205,29.045652557282327
1222,127.72658524761007,29.38283930355722
1223,-58.70241695243752,28.432889000387508
1224,-41.07601232011943,27.235016787596827
1225,131.47347084222366,27.739140022965927
1226,2.8606105671944846,26.774341494350395
1227,-143.1012573312081,25.17008519083268
1228,19.199802532837282,26.443558586726564
1229,-615.2724750769537,21.38844156067208
1230,119.20625792256176,21.273401758684344
1231,154.20082609672644,22.16298085985194
1232,17.2033302973352,21.26917499052071
1233,192.50120532560135,23.110590971752707
1234,-126.80143331841427,23.80446929552851
1235,31.69372304048278,24.048130367031572
1236,84.46076925151667,23.643437578652573
1237,38.351313211298475,23.029544770716562
1238,6.748738719111614,22.19105581023614
1239,-3.413329807083258,23.322447602410993
1240,-479.5583396284614,18.634089734458435
1241,-51.178876861773986,18.39887554361671
1242,56.24599480980805,18.91525471972861
1243,18.14468936935411,18.990588398523485
1244,139.69208824479185,22.132377541341707
1245,135.43331442387387,23.2715437677778
1246,266.65520761619416,26.232908799934243
1247,116.94462470202119,26.226097833374148
1248,127.66356411971327,26.2952615876135
1249,-27.269481209758638,26.281534353222927
1250,-166.42716193195224,24.563890839246632
1251,106.23345577461352,24.60023972405761
1252,85.01083130570605,23.978132737602564
1253,-236.47976048582296,21.35162313830033
1254,139.3572885405085,22.567689867253318
1255,102.57156683241558,23.52339344162903
1256,136.68762149800318,24.6942344448299
1257,40.826487009872295,23.83116365119649
1258,28.846543601328165,24.53957513671662
1259,-246.8944257820253,20.653886038463455
1260,130.0405879580822,24.216153444960995
1261,157.94702055127937,25.911889928167533
1262,15.804916323189586,25.866807443853762
1263,-123.99753503960771,24.23272287345921
1264,118.99002211115962,23.905496506000983
1265,81.7558827184532,24.7754142023522
1266,85.21008072511832,24.300175309333557
1267,-113.64806795339373,22.988410641971914
1268,-3.544426847577796,22.796502253255756
1269,35.521380251972175,22.170942843538743
1270,207.6265645163766,23.85387059025582
1271,150.7618437441438,24.108429905399422
1272,116.1012179474969,26.092329300025703
1273,-72.1310014731176,25.284544120269125
1274,-37.44317083777304,26.03308119745269
1275,157.9637242796289,27.85339167130498
1276,26.251316487502052,26.96599750965733
1277,97.38631877583987,29.832863980449687
1278,43.2753832288229,28.683352337932444
1279,-28.88054698369416,27.602121421014775
1280,21.027428663865166,27.34792077984049
1281,62.8964642592498,26.63107452934407
1282,-16.350658611441915,26.033985150668478
1283,170.74622816253157,26.65470661589519
1284,61.32752922641877,27.4687455822551
1285,85.01191456938328,27.06778996030888
1286,88.11225402236587,27.6112959132946
1287,101.5870942342486,28.78161337502665
1288,255.51200888475006,30.833040364870676
1289,-171.32742890105703,29.668534971544055
1290,-411.7351116748159,24.887298667604384
1291,91.00512029345188,24.29238643567975
1292,218.2584727998285,25.764953619344325
1293,147.85414437577538,27.356531163619387
1294,141.66419900808432,29.70669486733093
1295,98.77377458667888,30.578276691445275
1296,-26.04337784587041,33.484232311158024
1297,-88.85208677656244,31.509315682744397
1298,-11.254923698210902,31.402578523396155
1299,-108.38010264732469,28.987134870588626
1300,-164.5529344586855,27.076990458790533
1301,82.8557994648594,30.401066662620845
1302,-103.62292071166982,29.399502024480988
1303,-131.15572820984144,26.80008424954945
1304,9.049725097041389,27.073023380943226
1305,153.7661158839154,28.502307939464135
1306,15.10779301762463,28.943261522570296
1307,208.92238750037637,29.77532991163582
1308,26.846312109920163,29.015834489490338
1309,-35.687266361109565,28.260246785720916
1310,50.27661352245212,29.5222967981102
1311,73.24222544420181,28.665908388720723
1312,-33.451639796698416,28.245314040148813
1313,-65.64247156516137,26.42342805377668
1314,48.65437714529983,25.433418169662154
1315,-5.7943339570819745,24.68155293795494
1316,-7.233828592433294,23.793356871669094
1317,-41.6305333125769,22.33921033064131
1318,11.760854142424819,22.20048434068161
1319,85.92972510710595,23.408376672024524
1320,74.08593933252378,22.829014942806577
1321,129.85494739438963,23.661705518088198
1322,113.80105795654671,23.52245024517756
1323,90.14110811886259,25.010885495890562
1324,-90.6971247969429,24.51467437112233
1325,91.35676128222472,24.11350727552234
1326,117.56972391969613,25.26059840904736
1327,119.12845319089546,27.882895514268398
1328,51.44409784372273,28.20533846737725
1329,101.25003864169655,35.370563604563756
1330,124.7102084428448,35.425603109766584
1331,5.850589693892857,33.942100745738244
1332,126.0370634165987,35.03043807693088
1333,81.62110529153293,33.921637076590194
1334,172.59913264494978,36.91564273622384
1335,-194.69527720804325,34.651752733738576
1336,115.75367770122361,34.96468181823564
1337,117.11869712085425,35.75235565733121
1338,-14.938440115525447,35.53548386898484
1339,116.4274094513125,36.73389126156879
1340,170.98629244352452,43.239337582288655
1341,91.11953408009343,44.66232169170732
1342,-38.63881741814709,43.71347356942777
1343,-108.70649139443115,42.44496176178992
1344,165.00568643029655,42.698097743644965
1345,149.68225303428642,42.8405871297491
1346,90.25160098682073,41.07655106345536
1347,-80.57466060439342,39.101358210391226
1348,91.0965253899601,38.735687823093684
1349,-78.21950162389348,38.22618761895234
1350,114.04922840520305,41.03095152232388
1351,141.38184534786583,41.38243541805642
1352,-8.460685559506643,40.447720249404284
1353,126.59011345812374,44.07841898884375
1354,116.45832497003059,43.84942935313897
1355,47.47456820369061,43.29845936685173
1356,221.99956688205742,44.151578820692265
1357,139.61828678367823,45.139496818430324
1358,-14.929686980650214,44.701734512610535
1359,28.27450286285739,47.453423799059365
1360,25.86282526488784,46.41164617212741
1361,-15.116022237941493,44.68101574423521
1362,5.05584386616556,44.57352501966497
1363,147.587708325623,47.289377453317286
1364,-29.290856274016143,45.80656866946552
1365,154.24475687753832,46.53145741105638
1366,-155.59074085295396,44.123449195275654
1367,219.48371353216822,47.454767010131285
1368,102.13518483129306,48.51156312691999
1369,125.52701001316795,49.41161942453195
1370,253.33012448971448,49.86865502426533
1371,157.9281438893286,49.94031802571717
1372,-33.858259767356586,48.44072324856864
1373,139.86455135671687,50.56067877686698
1374,-36.44837013526133,50.570626783892095
1375,-148.94314266837776,47.50155811441203
1376,-29.78146458707687,46.94123030366625
1377,-99.76383706700199,44.96972874523782
1378,233.78876024723414,46.87486251542193
1379,-55.55052878617178,46.608162697397155
1380,24.341977210712045,46.64130818286562
1381,37.13424537223082,46.383685993995435
1382,-135.1825144112408,45.19536743599744
1383,51.247089974805746,44.00037605412019
1384,105.44110645257499,44.44151182638174
1385,6.486922049638991,43.65626190118431
1386,-54.64746434157689,42.22866471754488
1387,149.31743340467335,42.705968109249135
1388,105.85599793958143,41.20940799979744
1389,-179.6386676132742,41.126295612675264
1390,93.05860941971486,46.17423282362057
1391,-228.49995383748853,42.97918208231117
1392,56.428096390531294,41.36087831821819
1393,113.72315868574606,41.0195684613179
1394,15.494076114668673,39.757867232383745
1395,235.02743327399546,41.12040381925691
1396,109.07766534154821,42.471614251131086
1397,-107.77352313427684,42.28239988755395
1398,119.92141223136652,43.59416324684973
1399,125.33293988745608,45.93129367219753
1400,-154.6223059769569,46.03059995701482
1401,-92.62333314053042,44.27580863096092
1402,118.08728531675385,46.49291069124515
1403,123.58239270585295,49.040291900402096
1404,55.43915671948511,49.50418621662654
1405,93.7903596362915,48.904428654150294
1406,37.07020786506981,49.12405280262475
1407,138.58739124708018,48.4207028400918
1408,108.54542735813462,49.23769399257393
1409,-113.73224811668344,48.4572441750182
1410,144.72095089892105,49.40168754878288
1411,139.31316479734255,50.06239694231428
1412,-89.33626671447837,49.50355067313648
1413,156.44680226807407,51.72444341146884
1414,133.1470698718022,52.56937033873387
1415,-101.3044997296486,51.614268681008205
1416,157.83211350861885,53.26492810201873
1417,134.4629736118023,55.02586317126253
1418,121.3661902015059,56.12191653185333
1419,43.92415558209001,55.701860836603174
1420,144.89779526318344,56.40997939590976
1421,88.80467925880254,55.99947671455389
1422,-32.25511662808549,54.53891496870758
1423,130.82076144015068,54.94571150192046
1424,-64.27811953500222,55.20990155453987
1425,-58.440524980676884,53.71192869191084
1426,79.51435133229661,53.33137496603685
1427,100.78963245574506,53.14798675868535
1428,-33.579517688709636,52.29775060336103
1429,121.49026482077444,52.500152865151804
1430,229.90121277436873,53.55206290846704
1431,110.68933936894348,54.60045040521755
1432,35.8948704089498,53.699028475141056
1433,97.29500070584662,53.8557674292842
1434,71.94269889825087,52.8492030918172
1435,8.9586942444394,54.88574280634202
1436,16.429580477475284,53.89250183410455
1437,111.58544970494773,53.837169359945484
1438,-13.56523558204961,53.850901405280254
1439,-21.444349809712172,52.47218381267
1440,148.8351916480219,52.250672804714966
1441,127.36988526683736,52.61317631658241
1442,-76.81245477365017,52.23143994302738
1443,-117.55096334265151,52.142995223545185
1444,24.047942151407995,50.7334177807563
1445,153.27989417621887,50.76939419217561
1446,104.82332728108263,50.91511145511823
1447,178.61755039277645,53.507033565089934
1448,-22.377072551655772,52.37229758567377
1449,103.38551567637467,54.18834775867646
1450,186.67566413029857,54.914612115927405
1451,-142.56578920430712,52.07513577040568
1452,147.21147841819345,53.631857410182675
1453,123.68746805072453,53.60283095610868
1454,285.3955586131884,55.29220329254027
1455,-281.7304264299959,52.00015334620341
1456,142.82291731221187,51.20838685050496
1457,118.35120499592875,50.99571603262747
1458,188.85332849041419,53.0335461873381
1459,73.77241808046305,53.48852533951417
1460,65.68519321407156,53.886749019006004
1461,102.22177686625355,55.06012701004794
1462,104.42257282179993,56.0537942996043
1463,30.52085007061521,54.883125717054206
1464,109.69349512981896,56.27296923109256
1465,120.22623308708432,55.93278399318801
1466,-343.7698163046166,54.050993238671396
1467,134.75664185839264,53.20372252193364
1468,100.3604279606962,53.18597495322767
1469,51.27409365765453,52.443445789672545
1470,284.1197789854947,52.751342334630344
1471,109.92242227266019,52.27128511846366
1472,22.137503519532856,52.83124275133255
1473,113.6640776215696,52.569238013981085
1474,279.6171130291467,55.72989284562515
1475,282.8706276971285,60.04803054928023
1476,98.95184141155957,61.33536360926659
1477,98.99599358324414,63.322961915769035
1478,-82.65068469248051,60.158567466371885
1479,260.0555066113163,63.31462782034678
1480,30.51194061291494,63.37632745436881
1481,133.10442253155583,64.33602922596205
1482,103.21547347938623,66.72000910486832
1483,0.3251802916469586,66.21079000803672
1484,118.07651802088847,66.33714412371987
1485,109.20624117102878,67.36433731493376
1486,109.81657037043139,69.00897766205385
1487,-63.77157079025186,66.8780876201046
1488,142.74090602520425,67.24693670096083
1489,-58.56618261976852,68.45766155089588
1490,191.96362559056496,69.4467117126044
1491,107.87308955596194,72.8104421465389
1492,242.1508894369395,74.66767007700298
1493,29.194251180327512,73.8223810019488
1494,105.82950235990555,74.72573526440117
1495,136.8766385869121,73.74422731753033
1496,235.93642298731066,75.01281489398795
1497,26.162937733286412,76.35217950266359
1498,132.61110094074098,76.47907638975732
1499,232.12369037273584,77.54698389461014
1500,43.60595619807357,79.52926651636044
1501,107.47363819987935,81.53023622976453
1502,-10.618933444053027,80.24317404215645
1503,-65.14466475354243,78.3559034675625
1504,36.73861033790135,78.16889800374665
1505,27.501835421484046,77.5060127615986
1506,252.90915525059967,79.6644022354539
1507,139.74910554506485,79.67601937843374
1508,-78.28386750139687,77.80772642983843
1509,-31.185010855513184,78.63319880245011
1510,-70.03516961297754,76.48563759733112
1511,-131.97116423963007,73.7727943069614
1512,-159.35791515288813,73.07257782257732
1513,108.32291511413092,72.59133895103788
1514,-28.438321177958088,70.97548504054026
1515,137.03967701318368,73.35892680796861
1516,-12.385665725290636,71.65674901562952
1517,-22.89798345536643,70.08313944495781
1518,-39.15057435218745,68.47797179942089
1519,243.52168034739415,70.47394704707392
1520,4.022835824321376,69.0651974526853
1521,100.95570910372592,69.18670775113453
1522,281.80560146977643,72.32731493211315
1523,98.55729422782314,72.0046802599899
1524,248.51948137317154,75.13265626907162
1525,73.84197996549658,76.45548131853336
1526,244.89200477694098,78.1092578529798
1527,135.1816894514863,78.45317842293721
1528,155.3735394302118,80.34270899412643
1529,133.84936948519726,80.46630004077066
1530,142.4597639561619,79.5918855525886
1531,3.580540239875347,78.52079756129793
1532,199.85393828040787,80.1603882400125
1533,268.40578433307917,81.87149607628481
1534,-35.57904607734156,80.79627862652889
1535,16.35194181558967,80.87021110224039
1536,-148.2086240659106,79.22382905680652
1537,124.81706858820469,79.3561452456391
1538,-40.92625730965301,79.08253502836307
1539,132.64068127771006,80.62338533923729
1540,272.0021447341058,81.85505487009814
1541,-101.33603699848858,79.56799564744487
1542,254.14664533272227,82.87758664850861
1543,-5.03429020580414,84.00275337987706
1544,249.86234337150324,86.26089739207802
1545,-25.242324228913322,84.47567520802671
1546,-35.47758922872066,83.07266604292869
1547,88.04285877274198,82.16691912672832
1548,11.733515989095821,82.50802501213585
1549,146.64295881896274,82.94059944356171
1550,227.6200848958869,83.35004365121759
1551,201.24025074627937,86.78810405072345
1552,281.6219243862719,88.13220851040425
1553,-15.617365605781359,86.7391601738392
1554,260.19860959278765,86.48719068363518
1555,162.4869440308769,90.92936438824393
1556,133.23324239953195,90.83346763911712
1557,134.48329400326014,90.99478852919043
1558,141.23777971059008,90.5186330413922
1559,1.5791152010483245,89.79670001259802
1560,151.03289326967314,90.65017701315406
1561,232.6339591954055,91.9542988364456
1562,115.48293109361916,92.06490241916377
1563,108.08359078118646,92.84052982626949
1564,147.6022635410768,93.21961751038207
1565,110.02129451497872,93.11756812466099
1566,165.01839921134015,98.20545027982057
1567,-106.58394731049248,95.79204438813169
1568,223.6303345646001,97.02474345417073
1569,29.46543748448201,96.80665689243902
1570,-50.7583548438116,93.45787555414594
1571,151.83096915875163,93.87696102300686
1572,30.90338924346827,93.96461988024623
1573,76.14748834569197,93.58945398748745
1574,81.24126980922203,91.60569555528821
1575,255.73402815428622,91.33432955985978
1576,-114.7246244468711,89.19756490127546
1577,116.32243567100254,89.37082932215306
1578,-38.25704046567476,89.81476576442111
1579,213.55200604771485,89.34973075878511
1580,223.19781652274077,91.27658951788338
1581,216.00001133228278,92.10554540589064
1582,-55.40894913916436,90.51930117970514
1583,166.77788407216494,92.18382821751032
1584,-78.84610847461197,90.21460195255531
1585,165.11362906197274,90.77367583146476
1586,47.70266972323308,90.15253682499277
1587,105.07082363696279,91.84096076926491
1588,134.31361133671354,91.75668782238
1589,13.556776817332178,92.47791741675098
1590,-14.799939156688708,90.41028176927848
1591,238.3831490192805,91.71538236391164
1592,-19.774217983900655,89.09613128970328
1593,249.50249093576605,91.29921368725765
1594,137.42576613189152,91.61517632497751
1595,101.25513187366039,91.25896125784499
1596,154.79178271751795,90.44751485514708
1597,-139.37171077327793,88.79216837008144
1598,-48.34071572402888,86.98265020343375
1599,121.51672569466122,85.87658055665297
1600,146.0120165096576,86.90064115976882
1601,117.46988138620017,87.000603591632
1602,17.89094130583264,87.28570233913086
1603,-46.1424744429315,87.47572424223698
1604,-8.943449023564114,87.01890364862233
1605,241.38031659754992,89.157688460383
1606,68.04423771191587,87.30903928499616
1607,269.14574909710365,88.60300572051653
1608,-36.872138280581765,89.0171230127247
1609,-3.0052864433826727,89.29892025684602
1610,150.8794231825189,91.508066184801
1611,48.48182234324453,93.31259605062972
1612,-270.11322672219273,92.20504293493667
1613,-41.564076664960325,90.70617301714576
1614,9.956439920277475,91.09012062812809
1615,-33.545270864623575,89.38427114935004
1616,-16.61537195237659,89.34197408707917
1617,95.87172140578572,90.52967113569068
1618,110.89449362969255,92.03012181550946
1619,-18.15503642156864,89.41335464781986
1620,99.15925746719239,90.36471886424857
1621,66.75073764472259,90.02266914965854
1622,-130.1962070357211,85.90265106460357
1623,-177.2959402873527,83.14411871945181
1624,102.763692744766,81.68656083316777
1625,24.703668189321817,81.19517771540599
1626,-24.187502947939947,78.5043826381572
1627,-211.09668432827516,75.04159890035957
1628,125.41849094522914,74.74204841550976
1629,99.51736171484382,74.39872833780622
1630,-30.807703237313447,72.66605366587147
1631,150.92967796609594,74.13954504313368
1632,251.48794121955285,74.65588507252514
1633,230.94291421700953,74.28125637136444
1634,238.51769078118213,77.02222373994967
1635,-78.8704402564808,76.06999991922896
1636,22.935676247505143,77.78144292236311
1637,16.448368542055704,76.69775592190163
1638,133.69368298224427,78.44395532482059
1639,71.26844344078336,77.83023294645132
1640,207.25848812931804,77.18279638040345
1641,-53.11032545201367,77.6650534958682
1642,149.3642748151664,76.61722979069265
1643,54.39711598566133,77.21154385260728
1644,127.89802477450262,75.99190066663728
1645,145.6552950454918,77.70087685938134
1646,257.1322906388626,80.62697565805718
1647,140.4833351801038,81.15138042213079
1648,184.3432749394276,82.8774780116341
1649,119.01527239117401,82.6012011473562
1650,213.52944510115339,82.46029474940889
1651,-7.389249862666739,80.37399974331943
1652,-16.67014722434466,77.39107902721327
1653,148.30335844904482,79.03028626776153
1654,246.25819324794182,78.89088210431306
1655,-270.71888837125,74.55882378029179
1656,86.40577908414541,74.09054914713793
1657,58.99668277357747,73.33568303484111
1658,-92.15496010293718,71.00175563670582
1659,-83.41137214966906,70.15185076319865
1660,-73.79010622171994,67.90362076828472
1661,-51.0665015799199,65.06661616053148
1662,94.03362191205468,64.85212306871583
1663,62.96931546074366,64.40098031551142
1664,214.47478986971157,65.06970557879775
1665,-286.8608979364868,61.10088365428309
1666,212.5214844377643,61.575914506547335
1667,16.906188452950815,62.81081586418177
1668,108.28229786090955,61.65733549714486
1669,-31.204448740778304,61.05063663489225
1670,-35.4516061280806,61.203704122049565
1671,8.68588722854355,59.77225330274749
1672,-203.24423286418005,57.430777081671
1673,127.18467313577766,57.94114892957187
1674,144.6796543149979,58.57553277462962
1675,-209.69808971116325,53.92121159597513
1676,135.83604270124496,56.426818267456284
1677,110.14862672716292,56.3650801780179
1678,212.07664115414545,58.8684169942161
1679,239.63790214106223,59.129275955149566
1680,239.47019735179188,59.29199976344008
1681,137.3227753609853,58.50522740372711
1682,11.09272499179147,59.17024414503667
1683,38.04885858310402,57.882953890146055
1684,-26.444406545736086,58.40697090943481
1685,32.935518083621524,57.08518979965131
1686,228.5241414794171,58.89340451721315
1687,-5.453765446093215,57.78815862638258
1688,-102.11059594657493,55.42391655354971
1689,-48.113570324453306,54.807213082131845
1690,-28.617066829659393,54.66904180540214
1691,16.824676434751883,52.453457079556856
1692,114.05255001039305,53.79172475949979
1693,-52.36477880245785,50.77305206211755
1694,-4.833616507945607,49.35045823571918
1695,-171.7587821839948,46.62031909514262
1696,-59.802735272469846,44.474373915242744
1697,155.1671976362296,47.41976299933782
1698,-141.44604440202937,46.4887097125578
1699,-8.217967690428736,45.19136277870691
1700,36.05476561053686,44.09179026971571
1701,169.15298721092762,44.608621327962986
1702,-173.19751256709532,42.6977367892337
1703,190.65669878086786,45.0657285214717
1704,267.5304599327163,47.83046761103451
1705,111.36615767539081,46.53032602181292
1706,152.12986342800534,47.37118227897381
1707,-75.332313895809,43.92640164904467
1708,239.13289130636844,46.68645194491418
1709,141.34532899790088,48.129958099327006
1710,93.9696252102019,47.56086011960384
1711,45.55106807751841,47.53155257694658
1712,17.294082132096094,50.40562566548948
1713,232.35707555789534,53.14483718771804
1714,179.8063675263951,54.84333646377922
1715,42.77108677857768,55.606500040211216
1716,87.34687015523788,56.64612246128737
1717,2.0433163129123955,55.707838410358626
1718,-139.10176476675997,53.2078758263941
1719,137.47933580893454,54.76421954869914
1720,91.35424278652152,54.68616940189243
1721,98.2823277642015,55.00148530308722
1722,248.00954433412832,58.783542816785705
1723,226.36559968186793,62.8201582164779
1724,118.01577020747493,62.97267899110499
1725,108.01144298177776,63.80575673902955
1726,87.67106804929304,64.92434244900188
1727,111.49040490186584,68.1502133413033
1728,209.51941057708336,68.99122253762184
1729,164.18437085491092,69.63789262902252
1730,-148.00397677210077,68.46592989367464
1731,21.9124836135709,67.17575795014939
1732,96.39982934013453,65.62487683135521
1733,229.87928167220176,65.61424050590713
1734,-301.50506098682024,60.214012988227104
1735,-0.8858005680919092,60.993859385110994
1736,106.22558410381387,61.82675846367409
1737,-64.56313510951499,61.01664342715837
1738,22.320037692621366,59.90290697426215
1739,93.58772847241352,60.12609982457845
1740,124.66062771854817,59.30012122047076
1741,77.59009034738767,60.60712537846477
1742,-58.11166111433928,58.532366019169714
1743,117.28689922029137,59.16126385151601
1744,35.28077633422399,58.23509136711323
1745,78.85345773893935,57.567072994047706
1746,65.32706644662227,55.64902075212531
1747,117.2929103405704,55.417116503729964
1748,87.41606832053311,54.44784443754101
1749,9.247437341606371,53.35016608704534
1750,-227.34355177907833,48.94143611824302
1751,62.1587186398449,49.63691580326813
1752,82.75558607463509,50.63117313625793
1753,113.91410453651515,50.28728059713263
1754,128.72183844401522,49.111917049093364
1755,289.4324521385782,54.713430454191645
1756,160.18471745275167,55.45121983787771
1757,112.76350609606524,55.9888880711026
1758,30.39284795611937,57.214366151693156
1759,196.91045824045472,60.017584455594395
1760,31.411161615741257,61.069597133969
1761,30.094127857693994,61.881203428345145
1762,68.40611879458463,61.62492839717044
1763,12.722290284167073,61.12245814540468
1764,-51.095311006442905,58.46675713664314
1765,101.8686864535658,62.35405298054366
1766,251.90910898709623,62.74792922603699
1767,151.851576047919,64.09738310198667
1768,103.4424761445178,64.04898488482274
1769,275.5252492266653,67.11628186449718
1770,146.14749144057797,68.93227284018377
1771,69.67596832716603,69.54217365117
1772,42.49123688165048,71.9995283486283
1773,-157.3122650471435,69.1545589667991
1774,87.88357603526597,68.58659818400177
1775,237.59444264301405,73.05952350754355
1776,148.05076162440983,73.1816706967752
1777,60.520160020499844,72.68538602970855
1778,221.76609302325534,72.78228054839965
1779,76.426044301585,71.15016197000489
1780,45.666174350053254,69.2121217399875
1781,255.4303446595974,70.39319743297361
1782,261.12823819349194,72.89355256499063
1783,81.93532452302212,73.3324172243898
1784,262.28601188418656,76.21972140868904
1785,172.30972079194007,77.61346343577222
1786,129.83362636471279,76.62655828462518
1787,165.6617750680845,78.33771368976694
1788,1.7608012674023428,79.37642766190672
1789,238.0435457286668,82.23799882243793
1790,-110.35865652577675,81.42058292547677
1791,92.36857358641262,82.17602189699338
1792,-19.668623584079384,80.83881016104863
1793,14.409382338393485,81.50655177245716
1794,37.81865506069914,81.93307448814359
1795,278.3889328501739,86.43455163848529
1796,286.3858571685612,89.89643756289561
1797,77.92813562720238,89.12404694280531
1798,153.53332184157682,92.07384060524137
1799,264.84164933815424,94.8044367755272
1800,48.15954934412014,94.92548461286304
1801,254.50911497540307,95.77904589050779
1802,248.8360159230522,99.99938117540927
1803,205.76097099922154,100.15042389759282
1804,138.48291460670566,98.8599484443327
1805,125.75134847697618,99.00380035234858
1806,258.61531599289566,100.06865487799747
1807,121.90908835284151,102.04106890048396
1808,106.76459895963572,100.71738597701663
1809,5.148959055474307,99.35542227759235
1810,-60.9184378514913,97.80654164697542
1811,260.0902536242553,99.95193350244281
1812,234.6027323402653,102.1250200045245
1813,229.5843153846803,102.09729240279235
1814,-0.5076686947966778,100.29415204058044
1815,259.6269866452313,102.46271103924697
1816,9.035088220670374,101.6795932199013
1817,275.1271118835713,104.41043117560793
1818,142.35412228532547,107.22499004612877
1819,240.78228004936324,108.25801948853307
1820,-2.2903947564916365,107.32157311310291
1821,-31.8844586397458,106.01990524906343
1822,282.0159705201327,106.35996951092348
1823,255.25186850852268,106.64883219919004
1824,-1.207263081436551,105.45660186630091
1825,235.24369790322214,106.72892441551538
1826,280.7843134584099,108.66005686960652
1827,24.26120725893297,107.7877648931772
1828,168.40021230583068,107.37657291046466
1829,-21.242568687163796,105.52230351504392
1830,-4.94237391645764,106.95291954360034
1831,283.9575498222575,109.57337020568721
1832,-42.642595452660316,108.18294595775926
1833,-42.11487338306897,105.46300440720655
1834,212.13541850446663,110.59940920211942
1835,279.85132465075185,113.40678045430786
1836,-288.77343803791587,109.45679023289058
1837,15.128868146558617,110.25371026545133
1838,220.09291713395183,112.23143905986463
1839,93.7867240554048,112.23342901569453
1840,212.0873820525005,113.10769655903405
1841,120.34251151642489,113.53522077072442
1842,-33.72949170825541,113.77904246478528
1843,100.32157347815053,113.60938920736383
1844,253.005037133397,115.78663181535556
1845,49.53344239465545,115.49343166191271
1846,-45.84356134019343,114.38172538404457
1847,239.92592785419188,115.6080555591808
1848,222.04260127536696,116.95432088872914
1849,9.585913925645144,116.95770565456951
1850,132.64976175048506,120.55763878986514
1851,-16.747795268408865,119.7685736507826
1852,-180.5233804300832,117.13578398573542
1853,115.57719587182005,117.15241489908847
1854,253.5647991781842,118.40084450643016
1855,238.14772313410077,117.88799721638541
1856,236.65804537700134,118.6527304956279
1857,105.15070523354171,118.57660248700267
1858,257.2931643082337,120.8456056505238
1859,-43.561811692632574,118.44088295119292
1860,277.70300639289655,120.90380139896448
1861,76.92684295335283,121.37212854992106
1862,215.85189938359878,122.8465863558112
1863,-90.25942019585744,121.81676925101095
1864,282.25912658226883,125.15031362689805
1865,11.150518955669469,124.24313195191911
1866,106.49404751205704,122.78898133716872
1867,19.785681797516986,121.4683223946647
1868,7.3202082413432805,120.50709971563296
1869,18.09116757968036,117.9327588991631
1870,241.93403857835148,118.89062437054082
1871,254.08595496474425,120.7347242369166
1872,105.73763781231949,121.36718824622331
1873,-29.162499947872757,122.64868589721601
1874,91.9471703910263,122.68932184077362
1875,-5.442056914230619,120.25895684520115
1876,193.19060780910675,120.71035530704813
1877,235.98974821244974,122.46505118896766
1878,238.0913355730584,122.6283036144657
1879,254.03074358879792,124.40435060733782
1880,-19.41243979903328,123.75356446584694
1881,214.87815414459217,123.34804256069691
1882,-290.4941047889564,117.8318191308724
1883,253.4726958594927,119.5471928442371
1884,254.92948362117576,119.47362756160699
1885,9.113945932618066,117.8416698130138
1886,119.03979886237428,117.73373153799041
1887,-4.37948983343864,116.03331888897517
1888,118.3142732287462,117.19885360858864
1889,119.55231949007043,116.01394134620264
1890,246.92208957060794,119.5867488071665
1891,133.37564931841084,119.99681956448647
1892,155.67053089750146,121.75021110930227
1893,239.783914051298,124.00395642643133
1894,-2.6994444724829005,123.59877543109951
1895,-32.7564459750853,120.48732164284692
1896,25.461979633022537,117.87808286749154
1897,37.97727468985292,117.47857425811804
1898,270.4614969001507,118.64785600870378
1899,151.85006893492985,117.5179402046715
1900,231.52552580284774,119.35159996925879
1901,220.42001115979025,119.01070893110268
1902,177.55942933319528,118.29794306520412
1903,54.46840820733159,116.7850174372852
1904,222.6216743553369,117.62640503477152
1905,281.4703204982527,119.1835947549843
1906,238.50141277614634,118.98245572281678
1907,256.63953549933484,120.32976019428172
1908,-170.5350268044325,117.55676393664102
1909,206.0845927620663,119.56612027370694
1910,270.6232599785259,122.88153725200713
1911,-101.03028494968297,119.27033186626774
1912,264.5028338199141,119.56933288106421
1913,-82.52163345742932,116.44827339264312
1914,257.68322062909397,119.03018228588203
1915,-20.478347387975248,116.22912894554999
1916,256.81626897168417,118.70694075306014
1917,191.6899750611729,117.87256938483615
1918,260.0790350271801,119.0498185122547
1919,264.1644973006795,119.28364068476785
1920,251.2675075806175,121.81921970813896
1921,298.40263601195215,125.1220906546559
1922,158.88639610988852,123.89079491055347
1923,302.62992092003645,124.36457543466862
1924,-56.22254635476595,123.81442260193533
1925,-144.80283639937105,120.0139572589094
1926,275.1457929181096,119.9575720535064
1927,246.57070268759634,122.18066700779303
1928,32.878383687573745,120.82544872161044
1929,260.0827467485864,123.63870187596794
1930,17.13439021028769,123.85946951723541
1931,256.8024952491817,123.58791897150466
1932,167.67895013447,125.69113442737594
1933,-145.82411174924522,124.65404204371418
1934,240.75894749778243,124.94027733364733
1935,212.13554600514288,124.26311954719127
1936,10.799358859441597,127.25884751616485
1937,235.14068599080903,129.45896569460737
1938,247.78569003733605,129.7358934236412
1939,3.3229983970715153,128.83125616705786
1940,161.6253371330508,128.32663571786333
1941,267.3583047928903,129.796793650628
1942,265.76573901849304,132.79174595789547
1943,227.83324818185764,134.06686270493256
1944,275.40084002348294,134.2908207338334
1945,239.57480647503985,136.19123437463725
1946,-346.3321955721242,133.18634803231797
1947,220.7470686811607,132.99455944058766
1948,-24.496290742478678,130.5291705204092
1949,248.53563016344708,132.91866768278723
1950,243.93974983559542,134.03156756363833
1951,225.45854527195564,136.45363096904194
1952,243.82844224538937,140.69714919579667
1953,-165.67445196611652,137.8846327174173
1954,46.25933505338611,135.81157807616933
1955,247.1357686507041,135.90145853133538
1956,253.5721634845453,136.0705997124108
1957,237.86339223127894,137.39772658238817
1958,251.17714727470505,137.3365664120529
1959,232.7520776784651,140.0997053057639
1960,-22.25054060675957,137.10016983576733
1961,-178.56669293489813,134.54523447688484
1962,248.50020267269474,134.87171750977578
1963,233.64638464798136,138.11077555821416
1964,232.37319483368577,137.6119162407283
1965,234.54341583393096,139.84584520951094
1966,254.41049559117872,141.32500969030215
1967,271.3174809626024,143.840327681953
1968,120.78724985710123,144.97499809811058
1969,232.18811253836793,147.11596754769747
1970,259.38614153120193,147.29048857722594
1971,257.3548097012649,147.32317712459115
1972,252.78749482381934,148.79367569470617
1973,81.1237989373777,149.89653868355867
1974,223.43348206833218,151.21140180033174
1975,240.23539887142587,153.6681763581883
1976,259.86797761802086,154.33495005627748
1977,281.13621920564185,154.78641476620936
1978,230.0569024717603,154.7060704351964
1979,129.68929180202866,153.46265591732873
1980,266.23703043941543,156.31915061971318
1981,275.2764405837792,156.92313348410505
1982,-75.57140371793332,159.07236049481529
1983,132.0547217262577,157.8581807534829
1984,270.82003194786364,158.01708623674978
1985,217.84324050892434,160.10437918251284
1986,263.60817245294373,161.55006291841855
1987,245.82479409990543,164.052105757752
1988,280.8512434136601,165.6774754596011
1989,287.4791139142366,167.3567434038428
1990,38.70187763376833,165.2745412844744
1991,239.63813064984095,166.3371660977887
1992,243.1687577919678,167.21214836673337
1993,185.33701173082613,166.66767934352865
1994,267.5211030476498,169.36988481872996
1995,183.82795352529166,171.53572881373375
1996,183.16418858920832,173.1127509032956
1997,292.2048488887112,175.6550266452842
1998,290.3031741817733,175.8534434181004
1999,282.681407922529,177.16175680797645
2000,234.02700764844067,177.18677162643235
2001,53.83737732246931,175.52094528805915
2002,294.4663606959534,176.69001460168676
2003,225.45959030242597,178.3999264226377
2004,239.37549547350895,178.5674646338194
2005,225.56663584215465,178.0084277872584
2006,280.4915750078064,178.428329409575
2007,242.60018314485876,178.28793588603025
2008,232.0863560728828,182.31414971480342
2009,140.4700057664299,181.65800384484703
2010,263.7729030755803,181.58950027581756
2011,272.04285319156605,185.3202316572301
2012,255.63351559382562,185.2315384749692
2013,301.4348265203469,189.07110307474696
2014,245.6515129390657,188.95078599784665
2015,3.3403201480322053,189.18897267320673
2016,256.56389246865245,189.18644890817643
2017,19.538771018875025,187.4649368677534
2018,211.3267126488131,186.97741364396978
2019,261.41511378203666,186.94991980878333
2020,251.5422441432985,186.95266717441015
2021,253.40692965134014,186.50271011080406
2022,268.9642843395011,187.60348899310017
2023,-15.334644964209588,184.42384333425773
2024,226.4799901788805,187.25086869959415
2025,292.52130526620886,191.62411011624994
2026,265.0695486022106,191.52334767309097
2027,207.39645231762944,191.13160516939126
2028,14.103984941261729,190.94386118192818
2029,258.86843965710636,190.9317181110134
2030,229.09350403900993,193.05130924930066
2031,236.16628265860368,192.84494712339486
2032,260.3987609113967,193.77214523116413
2033,244.95154248053737,197.6799017734619
2034,271.1011136062124,197.9833234345462
2035,22.242049492235907,196.08438846941715
2036,194.06322337706268,197.91702711459337
2037,241.53451050353684,197.98096535972064
2038,222.12747767684343,197.72438323611576
2039,281.3582581093648,200.50473583323867
2040,278.9472248067715,201.6779547099759
2041,248.0394395738157,201.48476605778512
2042,242.70102726178294,201.25411894021804
2043,272.18391278974013,201.69762558629682
2044,-239.66247427666354,196.54699244329535
2045,276.2602964968384,196.91384734351334
2046,233.71708040751537,202.71434010330972
2047,-27.848952783851885,200.2283798886596
2048,224.26197852926003,202.715962581377
2049,275.82924980593975,202.98889877780186
2050,270.59174542542877,203.25541873370028
2051,287.149633347099,203.8723296144517
2052,-425.8964826624374,197.17508036537345
2053,-257.4478574447341,196.25734631058728
2054,243.63555994695022,198.2311085595229
2055,246.45712178383425,198.22432209085417
2056,239.66933574384288,198.08529381344712
2057,307.0704590484032,198.77736448161835
2058,-106.39782201090539,195.20161478876227
2059,251.8865841710709,195.39295985368838
2060,181.86241124523784,197.43408937220832
2061,203.91976241333793,201.25895392569072
2062,1.8461792060193147,198.79241369102394
2063,226.18084993279444,198.71775834387205
2064,225.60594038762608,198.6500857994114
2065,-73.24816214465758,195.5721700196256
2066,247.34382016280682,195.50150326534182
2067,207.44525910831476,194.86278104679894
2068,255.10556288221846,196.2059641770501
2069,-105.75349762261014,192.82654807544034
2070,213.01603471285432,192.3628470072569
2071,16.065922068758482,189.9499581309319
2072,249.4752915274486,189.91683609796814
2073,-134.57744737228177,187.75982363487157
2074,229.58765852937415,187.82136539948195
2075,256.66443954630705,187.9856558062308
2076,57.2951476342859,185.95992750639346
2077,244.56858314131452,185.59425114575018
2078,261.04806423549724,185.9041627633875
2079,220.82605518096045,186.81553039717684
2080,257.8491509191292,186.73165160197397
2081,264.24579420504006,186.62134513818654
2082,179.5847792499875,189.17290696786577
2083,-5.374512616134826,187.79861462444188
2084,273.9912621241268,187.83032692620452
2085,288.1001603328898,188.5328961244442
2086,-162.21245444939967,184.27468985542072
2087,252.70063523611523,184.34344826678284
2088,247.33171446014103,184.00825297724765
2089,246.64524468085284,183.59991428491384
2090,247.83135613277173,185.69120906990386
2091,267.74253001526773,185.9722530635581
2092,282.8894219488843,186.36945970512724
2093,237.41974070910646,186.89028699491
2094,-4.626780944697984,184.16880815498655
2095,246.41176069561158,184.79464622668976
2096,266.1618450269215,185.62462279106686
2097,252.43452374484752,185.22691953962826
2098,247.99545213278734,184.80384231913843
2099,250.39893928090882,184.48101763272223
2100,260.32173963697966,184.7439649526076
2101,285.10297377778545,187.05662091716076
2102,-390.3952118617433,180.20800519158382
2103,217.84112783425505,180.1318205669021
2104,253.24136967308124,180.27047930889782
2105,-48.252207407480284,177.53229087640145
2106,263.21873944291997,177.35956252075258
2107,240.28346057390468,177.33639529504305
2108,240.83104805762304,177.42384221489044
2109,231.94029538633538,178.3385451110895
2110,283.61586468147243,178.53697472714845
2111,262.0842054209991,178.43738824944276
2112,181.19002350370533,177.6929533285416
2113,37.105015433149845,175.0496552176696
2114,275.1352293247618,175.34449238152658
2115,35.177538063186105,175.6628645606781
2116,231.78605476525155,175.4150861836441
2117,244.91853776965792,177.66888385115192
2118,221.43975609226158,177.7700142855864
2119,112.30284682160735,176.27889161598213
2120,264.9464013110192,176.41293318765932
2121,267.10613544043855,176.5499252455503
2122,203.03013395623168,175.8905837417176
2123,237.5337036240241,178.41926722759993
2124,-98.7295339229838,175.1671719865813
2125,237.3084726088734,174.61504366000798
2126,215.4580633588401,174.1189288075743
2127,192.5763539270511,173.97072782366848
2128,268.59613255933033,176.51564929984917
2129,205.80730168339096,175.985037920112
2130,237.55890514670511,176.06969193118897
2131,249.45664980497398,176.20259560265265
2132,246.650152434885,176.06510951788755
2133,254.43545319799998,176.15994862506216
2134,57.600410269272516,174.02494159169274
2135,254.72635015452732,176.34978459831564
2136,271.60743390777714,177.1252267036228
2137,162.02553559108733,176.33013695449833
2138,278.92107666387574,176.89807294436866
2139,258.9095490924075,176.67358585419908
2140,56.48985668775833,174.44901217300895
2141,265.5442004906704,174.62405978217745
2142,246.5045864399554,174.6620953739592
2143,292.3496902334348,174.86375314839614
2144,145.64683767213037,178.71684626788408
2145,234.13086821083783,178.29555198502408
2146,-131.1607099384937,174.646774081564
2147,253.35834873108294,177.45884709671336
2148,213.45458203500962,177.35077313177086
2149,107.90656460475353,175.67154627975899
2150,312.2448862748646,176.0880776882533
2151,222.75336612604858,175.44411501604282
2152,278.89336022731874,182.49201344494034
2153,250.0877313325893,187.5673693327136
2154,242.5291172715252,187.55630490595937
2155,276.4333793711827,187.85606748183284
2156,252.34871955321194,187.9828613199265
2157,223.21467673716737,187.14430349681413
2158,176.9731958090461,189.97801367501364
2159,242.28245931625435,189.8819724264655
2160,-8.175183416666385,187.98159647984644
2161,168.14310368676092,187.6238298925807
2162,272.2419537109058,190.3277876376296
2163,-179.2080760036336,186.2738983782653
2164,201.3565575391821,186.0314045497809
2165,321.32403647895893,189.977126536017
2166,277.2973778180493,190.27666211256945
2167,-15.399199106613352,188.04821753042015
2168,277.9093023937176,188.27625492553514
2169,0.4518224926132177,189.33830812668737
2170,243.3127956677092,189.64127573623594
2171,255.623633485626,192.0368528504046
2172,215.96065348284702,191.7017064699586
2173,226.40875062925855,195.311568449974
2174,-48.12795135540783,192.53441235112615
2175,-153.64302803498427,188.43133767531327
2176,208.17301663488524,189.9401163653193
2177,240.3438583993895,189.8978691179
2178,240.17307678991068,189.68911924344414
2179,253.42650246035382,190.01512371623812
2180,294.0112061988561,190.37674426903538
2181,33.263743570031295,188.06692376268526
2182,283.134023257508,189.1024162027605
2183,236.48018323015057,191.5209631612233
2184,158.1331615453048,190.3623821554351
2185,239.72290272921984,189.8786095793984
2186,237.05147093373054,193.87124883322969
2187,102.53558380289704,192.36959831889752
2188,188.6621915624707,191.78290308992084
2189,216.56277130608487,191.48207835617316
2190,253.49585147936347,191.5387233096391
2191,251.45400673252604,191.37583807681168
2192,263.384942474161,191.18079328206443
2193,176.18298961633784,190.56842577113673
2194,299.43298785147283,193.60902345909838
2195,-11.29412911358618,191.03196456100642
2196,257.25216525978726,190.9428677633351
2197,-42.86409371886654,187.98988158869798
2198,272.70626818965815,188.23698974926666
2199,278.5689458928663,188.51868981538624
2200,253.46074333650597,188.4500798523815
2201,235.47967761739616,187.9538468907776
2202,244.38639555558382,194.30166296495085
2203,40.06466394329138,192.52389832604126
2204,248.5521765606628,192.47700639491708
2205,237.1034554833985,195.33056302382585
2206,265.15888075878865,195.34996443698458
2207,257.60782330591326,195.5232080643046
2208,222.96256117005407,195.34452319542896
2209,261.02207479949243,195.6353409895605
2210,242.20078041417122,195.22119014688752
2211,264.5869318899339,195.24621741157688
2212,275.8356084471161,196.192673261011
2213,219.7595521190492,198.01921862787
2214,267.2609553915348,197.9404758885377
2215,172.4864048568796,199.3135645564746
2216,-131.367420580252,195.68202980301953
2217,262.9964622415046,195.86280904773804
2218,249.94778968434596,196.14788938365888
2219,258.6969845173839,197.6118307606167
2220,260.0262461660875,197.56262920916734
2221,213.40766545809075,197.02564450934383
2222,240.4932578362832,197.40027574814434
2223,40.95653547307879,195.4345040666349
2224,-75.136093846995,195.6704384673948
2225,-12.28725774684321,193.17448116383767
2226,290.91075542164924,193.92900808446575
2227,298.29332259609083,194.98617777115615
2228,-129.0838842759802,191.00937760280303
2229,269.9682976296971,191.65098756226612
2230,-29.214931401822113,188.98324919678086
2231,238.45865278659025,188.87326922659702
2232,265.92098129784034,189.06597751522656
2233,264.3621945885377,189.16524492913194
2234,254.98324085474687,191.13907323498668
2235,249.7107201077027,191.0889169345184
2236,272.1654443309119,191.0944970387498
2237,265.7908754636187,192.1321504374751
2238,243.1048694047327,191.77398836488362
2239,261.7788934794682,191.80268180875427
2240,248.76733164430553,193.72545655831973
2241,-9.13509558202972,190.9786635975927
2242,1.9011182252965995,188.53262891544614
2243,267.56788636008844,188.2848108767127
2244,275.6350288927083,189.58469278891846
2245,224.28163559840556,189.48620046279416
2246,294.56095515333755,193.7434171137125
2247,189.6606823374836,193.10644044977644
2248,246.59870822753572,193.4378817117017
2249,233.74243390078524,194.69624040466203
2250,266.09925743366625,194.23478411625
2251,243.3052459023269,194.44030291401282
2252,223.25222824531537,193.88389159419276
2253,223.8471501888074,193.621485782755
2254,14.477486933582938,191.3409694793755
2255,229.84346189736132,190.87507030463735
2256,163.90001476756447,189.9905832567809
2257,257.4648538741836,190.33308502815103
2258,-58.030964371836745,187.98304342634222
2259,282.3148315211429,188.38336714839113
2260,264.2260205596408,191.10737918815414
2261,278.62398506946664,192.21218800198122
2262,299.34987024844816,192.48326716735662
2263,275.2632195939091,197.02798012333201
2264,297.91984416603265,197.9936129896005
2265,274.0022358661048,197.520394983472
2266,270.79512911934046,197.45537249648496
2267,229.53266489576723,199.90469113650877
2268,290.7965912153503,200.03356402472505
2269,274.82356374160037,202.77728143721495
2270,317.87779911061295,203.522931471644
2271,258.3311218008927,203.55000635479664
2272,287.2127553774425,204.26252737374259
2273,283.96480338073053,204.83808790125732
2274,249.36223284619382,207.8129897432733
2275,-5.602362512196379,209.29339639850122
2276,-474.9424920286475,202.46224131186588
2277,-777.8653103900696,192.2801496239713
2278,299.2144633483977,192.8705634895562
2279,273.8753931670574,193.07505239662325
2280,292.30524241141325,193.0579927587488
2281,7.081442714884176,192.79616975019732
2282,224.07253677364372,192.20555488535868
2283,293.8740911136887,192.77949396419405
2284,270.3880403706497,193.90204275244753
2285,255.95578101792526,194.06437153533457
2286,255.05266874474933,194.24438351344475
2287,265.75592539895484,195.87658692940533
2288,242.91782334735686,196.41914324725423
2289,-27.423733562926955,193.9792781985641
2290,269.0059677489394,194.13437936125985
2291,245.57806593370245,194.07561995327163
2292,239.68314291116965,193.83860195764169
2293,244.8792568650061,194.52556463012834
2294,256.71688279715664,194.0984035795852
2295,282.33537946696407,197.03469866539072
2296,283.307902067776,197.29525603347062
2297,258.9642423954274,200.31353939461354
2298,281.28485852716176,200.39932529798855
2299,277.65331120727876,200.3901689511327
2300,245.7452362227753,200.31301387999534
2301,240.42636093729686,200.36248071319434
2302,244.8515690782227,200.36713244842073
2303,264.5068447241904,202.61155425622977
2304,264.7738164292217,202.77377065491532
2305,280.1986844121193,203.20472294420256
2306,226.6543337071996,202.81967747368665
2307,284.11405932197056,203.08473983384727
2308,259.72549122048304,203.45236913435153
2309,250.13423969835998,203.34349078334023
2310,233.3727989845577,203.2552109690441
2311,280.2305225635673,203.41164687578043
2312,269.6526403302854,203.34981719461211
2313,280.70474383402325,203.95926911176187
2314,241.67056291387598,203.70336518698525
2315,250.04629809307923,204.47896411934727
2316,246.0288421942598,208.25292674709237
2317,251.11564940670272,208.13411861874437
2318,14.863413946360566,205.7832748613645
2319,287.705572608382,206.0733607422745
2320,274.26710199739705,206.21576930058757
2321,266.61271512427504,206.7478197972494
2322,255.9384708833192,206.90227192771982
2323,261.1381752001357,209.10408832499036
2324,216.42844194333713,212.01973368289367
2325,261.0812137024906,214.75341839738704
2326,285.03226717334474,214.69463351490396
2327,286.90836647859226,214.580783953729
2328,254.11277619689724,218.41275055845773
2329,238.98673105684878,218.10293489272925
2330,291.01531659461773,221.30523737269363
2331,263.34154024416523,221.55406624726936
2332,154.11446722576883,220.43600110654867
2333,245.28975629379585,220.2452767236012
2334,269.838239342414,220.3938267084779
2335,264.1730417502296,220.53844992490318
2336,256.04251065019645,220.37722058809607
2337,239.30321711301644,220.11234400459
2338,250.12150913691733,220.18251040191186
2339,283.5306635764012,220.40002810288124
2340,281.59679591228416,220.72832274556103
2341,265.0115840610568,223.46978954199182
2342,282.5467797067541,226.27624615680642
2343,88.43150388183405,224.4848823320239
2344,272.51045583394966,224.45363660143627
2345,288.94493620854917,225.10026960753774
2346,274.27241706674033,224.89738422667176
2347,248.32631658608778,225.48404056915777
2348,273.7192443397615,225.75524593028007
2349,253.26722798508817,225.95049387112306
2350,275.13235445949215,226.04082484138135
2351,235.0076543536047,225.95784892589415
2352,286.94415913814237,226.59476823482245
2353,245.16038982176784,226.807900631152
2354,276.78056294530506,229.43093139126927
2355,262.2014694294427,229.75451146659006
2356,280.1439402109622,230.91695072102397
